,STOXX1800,RUSSELL1000,SHANGHAI_A
2009-01-05,0.021256266700000002,-0.0035264783,0.0329135006
2009-01-06,0.022446421600000002,0.009239115400000001,0.0299972634
2009-01-07,-0.0285682272,-0.0295802143,-0.0068083681
2009-01-08,-0.0071612472,0.0044201724,-0.0238805409
2009-01-09,-0.0008868393,-0.0212207262,0.014205443600000001
2009-01-12,-0.0092313155,-0.0237497402,-0.0024087005
2009-01-13,-0.0025682375000000003,0.002697722,-0.0194390348
2009-01-14,-0.028263473100000002,-0.0340852077,0.0351694257
2009-01-15,-0.0035124476000000003,0.0028589893000000003,-0.0045069891
2009-01-16,0.00037097270000000003,0.0083994646,0.017876336200000002
2009-01-20,-0.0241008528,-0.0537628049,0.0037331249000000003
2009-01-21,0.021023302900000002,0.043535321200000004,-0.004567868
2009-01-22,-0.0151947408,-0.0161676812,0.0099972171
2009-01-23,0.0059197682,0.0060342468,-0.007177129500000001
2009-02-02,-0.0114092507,-0.0002480936,0.0105483138
2009-02-03,0.0049907052,0.015161893000000001,0.0244608412
2009-02-04,0.0122284295,-0.0058726939,0.0227907359
2009-02-05,0.0088918256,0.016593652400000002,-0.0046151387
2009-02-06,0.0190858266,0.028201549500000003,0.0396413039
2009-02-09,-0.009900931,0.0012982006,0.0198788402
2009-02-10,-0.0310240964,-0.0481411698,0.0181089536
2009-02-11,0.008765931000000001,0.0076749261,-0.0018651420000000002
2009-02-12,0.0004313448,0.0026103144,-0.0056467936
2009-02-13,-0.010965318200000001,-0.009536451100000001,0.0323529949
2009-02-17,-0.0239398707,-0.0453259468,-0.029233107
2009-02-18,-0.0031215521,-0.0016369127000000002,-0.0472850805
2009-02-19,-0.013867586900000001,-0.0117431884,0.0077182352000000004
2009-02-20,-0.016071609100000002,-0.010638597500000001,0.0153307728
2009-02-23,-0.0281234952,-0.035211259700000004,0.019569665400000002
2009-02-24,0.010639672000000001,0.0405406174,-0.045600554
2009-02-25,-0.000335278,-0.010463383500000001,0.0026759417
2009-02-26,-0.0046283207,-0.0156705357,-0.038593806700000004
2009-02-27,-0.0120628075,-0.021748012400000002,-0.0179979432
2009-03-02,-0.0401092087,-0.0480311132,0.0050475301
2009-03-03,-0.0095934487,-0.0060548417,-0.0105088073
2009-03-04,0.024251991100000002,0.0247738508,0.061140102700000004
2009-03-05,-0.0280910683,-0.0425401214,0.0104900487
2009-03-06,-0.0134784489,0.0012715706,-0.0127067993
2009-03-09,-0.0111054285,-0.0097586288,-0.0338989891
2009-03-10,0.0415958626,0.063892843,0.0187912428
2009-03-11,0.0066676124,0.0030739855,-0.0090844058
2009-03-12,0.016699549,0.0409893628,-0.0024045587
2009-03-13,0.007762076400000001,0.0074621881,-0.0023372255000000002
2009-03-16,0.0040575617,-0.0046680606,0.0114792838
2009-03-17,0.018698630100000002,0.0321834338,0.0302110565
2009-03-18,0.0022860216000000003,0.021373775100000002,0.0024023215
2009-03-19,-0.0270342792,-0.01187791,0.0188469596
2009-03-20,-0.0043436983000000005,-0.0203523593,0.0068250043000000005
2009-03-23,0.0493733848,0.0705228583,0.0194440941
2009-03-24,-0.0032335357000000003,-0.0203675247,0.005569132
2009-03-25,0.0051638534000000005,0.0098131357,-0.0200643792
2009-03-26,0.0125140626,0.0248279788,0.030604915400000002
2009-03-27,-0.0007806544,-0.0208833114,0.0053882872
2009-03-30,-0.027927806000000003,-0.034911812,-0.0069872016
2009-03-31,0.0064291455,0.0133017069,0.0064047337
2009-04-01,0.0190311419,0.016543215,0.0146954613
2009-04-02,0.0259239258,0.030020626800000002,0.0072638896
2009-04-03,0.0036916812,0.0107681222,-0.0022650636
2009-04-07,-0.007910245,-0.0241394336,0.0080200342
2009-04-08,0.0059156382,0.012292254300000001,-0.0376538118
2009-04-09,0.032152904100000004,0.039144221800000004,0.013848469200000001
2009-04-13,-0.0034038249,0.0023847069,0.0284883204
2009-04-14,0.00031043900000000003,-0.0202591831,0.005361536
2009-04-15,0.0076360198,0.0123875954,0.0034556751
2009-04-16,0.0123220997,0.016693945,-0.0007606959
2009-04-17,0.0175887043,0.0054780322,-0.0118727165
2009-04-20,-0.0258971292,-0.043945678200000005,0.021384546
2009-04-21,0.0047890956,0.0221936049,-0.0084652853
2009-04-22,-0.0034219371,-0.006583152,-0.0293843991
2009-04-23,0.0051505304000000005,0.0087276369,0.0010272627
2009-04-24,0.0043311169,0.017845543800000002,-0.0062191949
2009-04-27,0.0029761297,-0.010519038100000001,-0.017575692900000002
2009-04-28,-0.0079936419,-0.0024222385,-0.0016578461
2009-04-29,0.0075696844,0.022643489000000003,0.027799326500000002
2009-04-30,0.009330567100000001,-0.0002936056,0.0037644748
2009-05-04,0.0209392761,0.0348610573,0.0332679768
2009-05-05,0.0007031351000000001,-0.0037419102000000003,0.0029135623000000003
2009-05-06,0.0167476733,0.0165236783,0.0098001003
2009-05-07,-0.0084662794,-0.0144862309,0.0019130489
2009-05-08,0.0147537764,0.024866413400000002,0.0108979824
2009-05-11,-0.0197481397,-0.0208876246,-0.017461958700000002
2009-05-12,-0.0034453139,-0.0018758630000000002,0.0148688429
2009-05-13,-0.0191608472,-0.0279906173,0.0174441315
2009-05-14,0.0019713842,0.0109759501,-0.0090030489
2009-05-15,0.00029811590000000004,-0.0109698726,0.0020099322
2009-05-18,0.0231865067,0.0314305271,0.0028187909
2009-05-19,0.0036701039,-0.000911846,0.009005255700000001
2009-05-20,-0.0060943758,-0.0046686739,-0.0094961282
2009-05-21,-0.015008175700000001,-0.0167233845,-0.0153932475
2009-05-22,-0.0119760479,-0.0014214541,-0.0050226979
2009-05-26,0.0172764847,0.0268348828,-0.008230954300000001
2009-05-27,-0.00159211,-0.0184349987,0.017183397700000002
2009-06-01,0.024817260100000002,0.0270183477,0.0336062104
2009-06-02,-0.0041990221,0.0020264864000000002,0.0011112193
2009-06-03,-0.0085489834,-0.014409041000000001,0.0199573645
2009-06-04,0.0023886623000000003,0.0119056457,-0.0040844038
2009-06-05,0.0090090677,-0.0022721336,-0.0048617382
2009-06-08,0.0033410138,-0.0015692715,0.0052598042
2009-06-09,-0.0030428293,0.0045534345,0.0070847006
2009-06-10,0.0054131874,-0.0031453360000000003,0.0101639486
2009-06-11,0.004811272100000001,0.0062947341,-0.006749610400000001
2009-06-12,0.0031351536,0.0006917092000000001,-0.0191523208
2009-06-15,-0.0140356859,-0.0239562428,0.0167335899
2009-06-16,-0.0128522852,-0.0131884203,-0.0048740506
2009-06-17,-0.0056632415,-0.0016122287,0.0122927854
2009-06-18,-0.0011743879000000001,0.0080332543,0.0156358199
2009-06-19,0.008935395300000001,0.0033220181,0.0093506341
2009-06-22,-0.022082329600000002,-0.030948634000000003,0.0055145411
2009-06-23,-0.0104265968,0.0019188185,-0.0012148921
2009-06-24,0.0119813956,0.0073677472,0.0102340176
2009-06-25,0.0157068072,0.0215669345,0.0009449129
2009-06-26,-0.0046859773000000006,-0.0004564215,0.0010564671
2009-06-29,0.0077095104,0.008910574000000001,0.0160765051
2009-06-30,-0.0046720785,-0.007798995,-0.0054039026000000006
2009-07-01,0.0015842281,0.0047587089,0.0164749664
2009-07-02,-0.0172817809,-0.0290514964,0.0173616362
2009-07-06,-0.0004172876,0.0013299446,0.011772304800000001
2009-07-07,-0.016758110700000002,-0.0199770407,-0.0112737743
2009-07-08,-0.0023048462000000002,-0.0014733212000000002,-0.0028208729
2009-07-09,0.00012158790000000001,0.0040408554000000005,0.013733798600000001
2009-07-10,-0.0029786031000000003,-0.0038672314,-0.0029336705
2009-07-13,0.0128033784,0.0244815138,-0.010743799
2009-07-14,0.0122200819,0.0057863882,0.0209903408
2009-07-15,0.0171275647,0.0296843219,0.0138089682
2009-07-16,0.0063146232,0.0093259808,-0.001527804
2009-07-17,0.0023821976,-0.00048523990000000003,0.0018517588
2009-07-20,0.0061442155,0.0121592166,0.0242360834
2009-07-21,0.0085839963,0.0035904207000000002,-0.016443466900000002
2009-07-22,0.0017136003000000001,-7.37653e-05,0.025969748100000002
2009-07-23,0.0156811313,0.0235708061,0.0096930408
2009-07-24,0.0061755558,0.00360479,0.0133006802
2009-07-27,0.0031805046,0.0029732669000000003,0.0185836242
2009-07-28,-0.0006118249,-0.0027095846,0.000852063
2009-07-29,0.0035062333,-0.0050215883,-0.050056823300000004
2009-07-30,0.0145859353,0.0121504196,0.0168865896
2009-07-31,-0.0018584783,0.0006459454,0.0272534008
2009-08-03,0.0031763417000000003,0.016259349700000002,0.0148316842
2009-08-04,0.0020744623,0.0033660053,0.0025086494
2009-08-05,-0.0039224232000000005,-0.0023594931000000003,-0.012381868
2009-08-06,-0.000437541,-0.005818434,-0.021074014800000002
2009-08-07,0.0138979536,0.0141635465,-0.0284723529
2009-08-10,0.0009174312000000001,-0.0034465656,-0.0034013132
2009-08-11,-0.0080335908,-0.0124269526,0.0045896102
2009-08-12,0.0028263942,0.011796484900000001,-0.0466531998
2009-08-13,0.0063956640000000006,0.0072389448,0.008984789200000001
2009-08-14,-0.0019926756,-0.0089686476,-0.0297950238
2009-08-17,-0.016566834000000003,-0.0246908771,-0.057836437500000004
2009-08-18,0.0077918679,0.010685424300000001,0.0140003544
2009-08-19,-0.0031580095,0.0069248923,-0.043107062700000004
2009-08-20,0.0107603239,0.0108408502,0.045269951600000004
2009-08-21,0.0109700087,0.0185695032,0.0168804068
2009-08-24,0.0060402505,-0.0009373586,0.011034398400000001
2009-08-25,0.0018596249000000001,0.0024427657,-0.025979957600000003
2009-08-26,0.0031289775,0.0001679807,0.0177307514
2009-08-27,-0.0007930214,0.0029616228,-0.0071797218
2009-08-28,-0.0023810053,-0.0013053573000000001,-0.0291347464
2009-08-31,-0.0059400162,-0.0086436351,-0.0674716595
2009-09-01,-0.013765139000000001,-0.0219669951,0.0060176201
2009-09-02,-0.0030294834,-0.0031072672,0.0116733687
2009-09-03,0.0034727875,0.0091990565,0.0479319641
2009-09-04,0.0121126913,0.0132630652,0.0058344102
2009-09-08,-0.0002665387,0.0097451724,0.0171505403
2009-09-09,0.002132825,0.0083517624,0.005381514400000001
2009-09-10,0.009098702200000001,0.0106396823,-0.0072795558
2009-09-11,0.0008436594,-0.0007991220000000001,0.0222258101
2009-09-14,-0.0026342132,0.0067489118,0.012392389200000001
2009-09-15,0.0032750515,0.0040890137000000005,0.0022923174
2009-09-16,0.0100563365,0.0155883129,-0.0112337389
2009-09-17,0.0,-0.0033322085000000003,0.0202006409
2009-09-18,-0.0013553482,0.0023294678000000003,-0.0319555226
2009-09-21,-0.0031840486000000003,-0.0031457242,0.0014496138
2009-09-22,0.0017804368,0.0068144975,-0.0234375723
2009-09-23,-0.0035544927,-0.0106207459,-0.0189532164
2009-09-24,-0.0080784246,-0.0103186404,0.0038249834000000003
2009-09-25,-0.0056587339,-0.0059866215,-0.0051755529
2009-09-28,0.0144134142,0.0182324235,-0.0265577132
2009-09-29,0.0040895507,-0.0016028431,-0.0032101451000000002
2009-09-30,-0.003602945,-0.0033420887000000002,0.0090525714
2009-10-09,0.0021493578,0.005708417800000001,0.047647621700000004
2009-10-12,0.0016740428,0.0043152534,-0.005926985
2009-10-13,-0.0043346564,-0.0028789202,0.014415404000000001
2009-10-14,0.0125360608,0.0176330079,0.011716507400000001
2009-10-15,0.0009323974,0.003980881,0.0031204671
2009-10-16,-0.0047096059,-0.0082945329,-0.0010572043
2009-10-19,0.007799906400000001,0.009596631900000001,0.0207247412
2009-10-20,-0.003456994,-0.0065344664,0.015225867
2009-10-21,-0.0058506783,-0.0089128373,-0.004523699
2009-10-22,-0.0010937451,0.0106320606,-0.0062899842
2009-10-23,-0.0091240881,-0.0123977614,0.0185324091
2009-10-26,-0.006419363700000001,-0.0119253169,0.0005895216000000001
2009-10-27,0.0003177991,-0.004199909,-0.02837673
2009-10-28,-0.0158822595,-0.0209955897,0.0032558149
2009-10-29,0.012641885,0.022738206,-0.023430609800000002
2009-10-30,-0.0138121547,-0.028080819200000003,0.0119588883
2009-11-02,-0.0017776341,0.0062243764,0.026979433900000002
2009-11-03,0.004263126700000001,0.0036506216,0.0122101465
2009-11-04,-0.0001612037,0.0009724588,0.0045873734
2009-11-05,0.0076315365,0.019814940200000002,0.0084705836
2009-11-06,0.004906875000000001,0.0022864749,0.0028430122000000003
2009-11-09,0.0128974584,0.0226548996,0.0036721865
2009-11-10,0.0018863970000000002,0.0002223312,0.0009200815000000001
2009-11-11,0.0033472803000000003,0.0052079416,-0.0011197696
2009-11-12,-0.0012510425000000001,-0.0107434659,-0.0008208323000000001
2009-11-13,0.0047494781,0.006071292000000001,0.0042358853000000005
2009-11-16,0.0084670926,0.0149392414,0.027569516000000002
2009-11-17,0.0041722468,0.0009651460000000001,0.0022795017
2009-11-18,-0.0069248525,-0.0007542608,0.006148266
2009-11-19,-0.009400826400000001,-0.0139496127,0.0052473719000000005
2009-11-20,-0.0045365002,-0.0033236274,-0.0037030019000000003
2009-11-23,0.008380965300000001,0.0130942973,0.0092380173
2009-11-24,-0.0028051010000000004,-0.0006262256,-0.0342989789
2009-11-25,0.0020315675,0.0050390563,0.020532134400000002
2009-11-27,-0.008394051100000001,-0.0172037779,-0.0235522897
2009-11-30,0.0019575155,0.0037292956000000003,0.0319389999
2009-12-01,0.0146794812,0.0126505929,0.0125042891
2009-12-02,0.0030183703,0.0011153806,0.0106421351
2009-12-03,-0.0029573519000000003,-0.0084083062,-0.0016092673
2009-12-04,0.0113961076,0.00604252,0.0161562293
2009-12-07,0.0011319202,-0.0022150122,0.0044469152
2009-12-08,-0.0054476311,-0.0099028319,-0.0105952501
2009-12-09,-0.0032037517,0.0036067606000000003,-0.0173534278
2009-12-10,0.0057542768,0.0060062275,0.0045524231
2009-12-11,0.0079892789,0.0040941562,-0.0021539784
2009-12-14,0.005829413,0.0078486197,0.0171970896
2009-12-15,0.0004575496,-0.0049680922,-0.0086452983
2009-12-16,0.0052847706000000005,0.0017148991,-0.0058812278
2009-12-17,-0.0015164030000000002,-0.011582623700000001,-0.0233873365
2009-12-18,0.0033412140000000003,0.005963843700000001,-0.0204678643
2009-12-21,0.0072153493,0.010546741,0.0029100897
2009-12-22,0.0087666566,0.0041607256,-0.0232368852
2009-12-23,-0.0008939266000000001,0.0029778303,0.0076144464000000005
2009-12-24,0.003280531,0.005319538600000001,0.0259074071
2009-12-28,0.0018836126,0.0009320201,0.015111537400000001
2009-12-29,0.0003958045,-0.0013678082000000002,0.0072327492
2009-12-30,0.0015825420000000001,0.00014530900000000001,0.015900265900000002
2009-12-31,-0.005332806900000001,-0.0101426237,0.0044450889000000006
2010-01-04,0.0114178421,0.016188045,-0.0102261815
2010-01-05,0.0047118877,0.0033498542000000003,0.0118369323
2010-01-06,0.0025891549,0.0014172432,-0.0085464345
2010-01-07,0.0036056619000000003,0.0040550975,-0.018897444000000003
2010-01-08,0.0046123710000000005,0.0031413646,0.0009576965
2010-01-11,-0.007732457000000001,0.0015114652,0.005243615
2010-01-12,-0.005649766200000001,-0.009901809900000001,0.0190871316
2010-01-13,0.0036246573,0.0088004595,-0.0310487999
2010-01-14,0.007857491500000001,0.0022377339,0.0135308326
2010-01-15,-0.0027117331,-0.0108995735,0.0026632774
2010-01-19,0.011158548400000001,0.012393301300000001,0.0030478141000000003
2010-01-20,-0.0040303714,-0.010154711200000001,-0.0293588083
2010-01-21,-0.0104538014,-0.0181659666,0.0021819117
2010-01-22,-0.0194732496,-0.021950145,-0.0095276583
2010-01-25,-0.0027307484,0.004536295,-0.0108528931
2010-01-26,0.0017425571,-0.0040960606000000005,-0.0242841601
2010-01-27,-0.0018886238000000001,0.0043863519,-0.010917177200000001
2010-01-28,-0.0043817659,-0.0120490487,0.0025069389
2010-01-29,-0.0037509377,-0.0104498119,-0.0015066195
2010-02-01,0.008684739,0.014767327700000001,-0.0160120645
2010-02-02,0.009953715200000001,0.013118443,-0.0022599694000000003
2010-02-03,-0.0021682354000000003,-0.0053110187000000005,0.023531737900000002
2010-02-04,-0.0187664082,-0.0314891745,-0.0028666622
2010-02-05,-0.0028687404,0.0027155894,-0.0186642689
2010-02-08,-0.0048455986,-0.008175797,-0.0014638178000000001
2010-02-09,0.005072023,0.0130936824,0.004635752700000001
2010-02-10,0.0031792997000000003,-0.0019109396000000002,0.0114103425
2010-02-11,0.0128779114,0.0105576605,0.0009710337000000001
2010-02-12,-0.0011422895,-0.0014620332,0.010934007800000001
2010-02-22,-0.0005305807,-0.0011513714000000001,-0.0049044858
2010-02-23,-0.0080112446,-0.0125691363,-0.006960932
2010-02-24,0.0010216979,0.0097183704,0.0133140958
2010-02-25,-0.0019926128,-0.0014187274,0.012731724600000001
2010-02-26,-0.0007304602,0.0014356077,-0.0028499378
2010-03-01,0.0189083333,0.0108255798,0.0118141706
2010-03-02,0.0016740483000000001,0.0030270506,-0.0047404255
2010-03-03,-0.0025306785,0.0002968854,0.0077709446
2010-03-04,0.0042604117,0.0034672869000000003,-0.0238056682
2010-03-05,0.0125840126,0.014127478300000001,0.0024957449
2010-03-08,0.0006590406,0.000246198,0.007308659
2010-03-09,0.004751329,0.0017825150000000001,0.0052258779
2010-03-10,-0.0008895496,0.005100241100000001,-0.006575327200000001
2010-03-11,0.0013121515,0.0041744254,0.0008392698000000001
2010-03-12,-0.001965648,0.0001336404,-0.012438067
2010-03-15,0.0030480657,2.6784000000000003e-05,-0.012128462000000001
2010-03-16,0.0020102384000000003,0.0081748269,0.0053256312
2010-03-17,0.0088648817,0.005999354100000001,0.0192694259
2010-03-18,0.0050871294,-0.0008480133,-0.0014496959
2010-03-19,0.0006902407,-0.0055914052,0.0071112554000000005
2010-03-22,0.0019312121000000001,0.0057485523,0.0022311838
2010-03-23,0.0057824231000000005,0.0075098149,-0.0069866976
2010-03-24,0.0049279524,-0.0054739714,0.0011929726
2010-03-25,0.0015891754,-0.0024957810000000003,-0.0123370201
2010-03-26,-0.0024026474,0.0006691653,0.0134596261
2010-03-29,0.0005907025,0.0061785942,0.0209882695
2010-03-30,0.0040419639,0.00019328850000000002,0.0014941304000000001
2010-03-31,-0.0085489419,-0.0032942477,-0.006232051000000001
2010-04-01,0.009352662500000001,0.007704210600000001,0.012290149600000001
2010-04-06,0.0099268297,0.0019315098000000001,0.00022436300000000002
2010-04-07,-0.0005337573,-0.0054745285,-0.0033506197000000002
2010-04-08,-0.0027144893,0.0030385604,-0.009417420000000001
2010-04-09,0.0033019947,0.0069826146,0.008554879500000001
2010-04-12,-0.0071603291000000005,0.0017751139000000001,-0.005089904100000001
2010-04-13,0.0004031088,0.0009004519,0.010274010200000001
2010-04-14,0.0057314291,0.011461914,0.001558857
2010-04-15,0.0065446777,0.000659697,-0.0003883094
2010-04-16,-0.0111464531,-0.0157254831,-0.0109914283
2010-04-19,-0.0014313831,0.0034409004,-0.0479764388
2010-04-20,0.0088245834,0.0086327327,-0.0002918499
2010-04-21,0.0029305981,-0.0006702107,0.018015520900000002
2010-04-22,0.0011068314,0.0031264757000000003,-0.011190554600000001
2010-04-23,0.0009286662,0.0075465793,-0.0053557056
2010-04-26,0.0058763755,-0.0042594299,-0.0047059481
2010-04-27,-0.0203373021,-0.0234812647,-0.0207188707
2010-04-28,0.0006725553,0.0062042155000000005,-0.002566039
2010-04-29,0.0084685008,0.0133415796,-0.0109398068
2010-04-30,-0.011329852900000001,-0.0167409859,0.0007223013000000001
2010-05-04,-0.0146993516,-0.0244219289,-0.0123215654
2010-05-05,0.001126786,-0.006984365100000001,0.007881173200000001
2010-05-06,-0.015937376200000002,-0.03242464,-0.041137179100000004
2010-05-07,-0.0183913907,-0.0163333702,-0.0186650826
2010-05-10,0.03351044,0.0444701968,0.0038785525
2010-05-11,0.003968387800000001,-0.0027780425000000003,-0.0190158718
2010-05-12,0.012666802000000001,0.015144819600000001,0.0031837011
2010-05-13,0.0043911732,-0.0117171988,0.020591270300000002
2010-05-14,-0.013822602600000001,-0.0193189184,-0.0051647268
2010-05-17,-0.000447808,0.0011974573,-0.050674718
2010-05-18,-0.0063169661,-0.0141946233,0.0136718428
2010-05-19,-0.0119927417,-0.0056656365000000005,-0.0026659920000000003
2010-05-20,-0.0285205805,-0.039216334000000005,-0.012194290600000001
2010-05-21,-0.0089247968,0.015317307300000001,0.0107853744
2010-05-24,0.0057822646,-0.012412194000000001,0.034767431
2010-05-25,-0.0045238207,0.0003009234,-0.0189459308
2010-05-26,0.0068165207,-0.0044511633,0.0012325172
2010-05-27,0.025859233000000002,0.0338205507,0.0114250492
2010-05-28,-0.0089371194,-0.0119113464,-8.72405e-05
2010-06-01,-0.0105418681,-0.0182469595,-0.0091910344
2010-06-02,0.015260073300000001,0.0263386674,0.0011829129
2010-06-03,0.0109981217,0.0046852587,-0.0073362157
2010-06-04,-0.0138700027,-0.0349469319,0.0002940409
2010-06-07,-0.009238876600000001,-0.014343144300000001,-0.0164586092
2010-06-08,0.0023660869,0.0101126918,0.0008106909000000001
2010-06-09,-0.0042580765,-0.0050114291,0.0277820124
2010-06-10,0.0193361997,0.029803531600000002,-0.0082630106
2010-06-11,0.0060191977,0.005421196200000001,0.0028713226
2010-06-17,-0.0015263063000000002,0.0007834598000000001,-0.003781392
2010-06-18,0.0001798399,0.0009487611,-0.018322965400000002
2010-06-21,0.005484132,-0.0041750574,0.0289994072
2010-06-22,-0.0055436785,-0.0166632414,0.0009453072
2010-06-23,-0.0049901099,-0.0027546937,-0.0073954321
2010-06-24,-0.0180273356,-0.0170367248,-0.0012175452
2010-06-25,-0.000966274,0.0029711617,-0.0054414029000000004
2010-06-28,-0.0004144522,-0.0021746250000000003,-0.0067888432
2010-06-29,-0.0192591688,-0.0317227623,-0.0426455648
2010-06-30,-0.012073617,-0.0097133102,-0.011867836100000001
2010-07-01,-0.0213515146,-0.0034850973,-0.0102877303
2010-07-02,-0.011030078300000001,-0.0048837438000000006,0.0038170715
2010-07-06,0.008280254800000001,0.004529603,0.0191857331
2010-07-07,0.019826036300000002,0.0322453136,0.0048268747
2010-07-08,0.0084814409,0.009531504100000001,-0.0024731117000000003
2010-07-09,0.0097330498,0.0075980330000000006,0.0230743279
2010-07-12,0.0038369753,-3.23369e-05,0.008010477
2010-07-13,0.0089497972,0.0161525209,-0.0162594317
2010-07-14,-0.0008778009000000001,-0.00026716850000000004,0.0082175712
2010-07-15,-0.0129473782,0.0009522408000000001,-0.0186942119
2010-07-16,-0.024875855000000002,-0.028923640100000002,-3.19197e-05
2010-07-19,-0.0019697334,0.0060054291,0.0211197396
2010-07-20,0.0099643786,0.0118717179,0.0215508549
2010-07-21,0.0008579191,-0.0127877135,0.0026458042
2010-07-22,0.012476737000000002,0.0227848239,0.0106689787
2010-07-23,0.0137811492,0.0088115237,0.0037857518000000002
2010-07-26,0.0017165723,0.0118319151,0.0064671115
2010-07-27,-0.0025936271000000003,-0.002017248,-0.0051559105
2010-07-28,-0.0032969584,-0.0073617286,0.0226548693
2010-07-29,-0.006056653,-0.0042106131,0.0054992505
2010-07-30,0.0011718384,0.0005827040000000001,-0.004028012
2010-08-02,0.0120323517,0.0218221907,0.0132717615
2010-08-03,-0.0017579109,-0.0051723612,-0.017071516000000002
2010-08-04,0.0052367689,0.006974302900000001,0.0043912458000000005
2010-08-05,-0.0001383062,-0.0014548123,-0.006776074500000001
2010-08-06,-0.0108354395,-0.0033584113,0.0143575288
2010-08-09,0.008483662000000001,0.0056779537,0.0052828162
2010-08-10,0.0007857176,-0.0068805867,-0.0289606789
2010-08-11,-0.0139940428,-0.028178393000000003,0.004689661
2010-08-12,-0.0021546677,-0.0050351792,-0.0122736081
2010-08-13,0.0043186406000000005,-0.0039807183,0.0121051686
2010-08-16,-0.0039728909000000005,0.0003547029,0.0211440651
2010-08-17,0.0093383388,0.013037943500000001,0.0038390056
2010-08-18,0.0019526710000000002,0.0018672583,-0.0020922352
2010-08-19,-0.0118787991,-0.0167970939,0.0081678849
2010-08-20,0.0017844095,-0.0033279262,-0.017020977200000002
2010-08-23,0.0018281537000000001,-0.0045066097,-0.0010664182
2010-08-24,-0.014809049900000001,-0.0148284039,0.0039085176000000004
2010-08-25,-0.0007836432000000001,0.0038055106,-0.0203313686
2010-08-26,-0.005171396,-0.007589573200000001,0.0026249546000000003
2010-08-27,0.0123171309,0.0174121317,0.0028106007
2010-08-30,-0.0022653862,-0.014576291500000001,0.0160504721
2010-08-31,-0.0046831126,0.00037109210000000004,-0.0052171964000000005
2010-09-01,0.0193432356,0.029844936000000002,-0.0059147821
2010-09-02,0.0063409176,0.0097603805,0.0124933826
2010-09-03,0.0080614807,0.0131859392,-0.00021627400000000002
2010-09-07,0.0011453179,-0.011667422700000001,0.0007444158000000001
2010-09-08,0.0024252963,0.0065544709000000005,-0.0011393859
2010-09-09,0.0078517301,0.004464115,-0.0144550344
2010-09-10,0.0029441073,0.0047313397,0.0025521937
2010-09-13,0.0023031658,0.0120228683,0.009433735700000001
2010-09-14,-0.0049066867,-0.0005285747,8.05604e-05
2010-09-15,-0.0032193651,0.0035470052000000003,-0.013432157
2010-09-16,-0.0073135278000000005,-0.00022295260000000002,-0.0188609366
2010-09-17,0.0034320231000000002,0.0010476757,-0.0014410783
2010-09-20,0.0100647574,0.0151931427,-0.0038680719
2010-09-21,-0.0050883799,-0.0027603675000000003,0.0010763854
2010-09-27,-0.0007827869,-0.0052699049000000005,0.0140262892
2010-09-28,-0.0030416609,0.0053492143,-0.0063413540000000004
2010-09-29,-0.0039754081,-0.0020057185000000003,-0.0002829745
2010-09-30,-0.0080289139,-0.0026532463000000003,0.0172645046
2010-10-08,0.0030948624,0.00651438,0.0313458969
2010-10-11,0.0033877490000000002,0.0004104262,0.024953822100000002
2010-10-12,0.0017763442,0.0038937592,0.0123345958
2010-10-13,0.0028703704000000003,0.0073007136000000005,0.00702966
2010-10-14,-0.0051380759000000005,-0.0037249674,0.0064635489
2010-10-15,0.0027052951,0.002126804,0.0318986594
2010-10-18,0.0065620806,0.0066215906,-0.0053437485
2010-10-19,-0.0023447873,-0.0160883517,0.0157641944
2010-10-20,-0.0025990563000000003,0.011006044900000001,0.0006674846000000001
2010-10-21,0.0003234242,0.0015848574,-0.0068626462
2010-10-22,0.0037320327,0.0028141447,-0.0029233573000000002
2010-10-25,0.0017393885,0.0025323488,0.0256771338
2010-10-26,0.0028848823,0.0001098336,-0.00324871
2010-10-27,-0.0018093332,-0.0021669897,-0.014680477400000001
2010-10-28,-0.0028128744,0.0010076732,-0.0015069424
2010-10-29,0.0009295477,0.000236158,-0.0046347519
2010-11-01,0.0017607764,0.0009943166,0.0252119046
2010-11-02,-0.0012390831,0.0079674606,-0.0028032637
2010-11-03,0.0006984492,0.0036122437,-0.0047397037
2010-11-04,0.0087061076,0.0192405927,0.018446593900000002
2010-11-05,0.0148220316,0.0040407034,0.0137543062
2010-11-08,0.006993303100000001,-0.0017105506000000001,0.0095511598
2010-11-09,-0.0026014754,-0.0077922062,-0.0078401384
2010-11-10,0.0080882878,0.0050024098000000005,-0.0063195418
2010-11-11,0.0006025297,-0.0037124982000000003,0.0104488367
2010-11-12,-0.0118884132,-0.0122443675,-0.0515098614
2010-11-15,0.0069858763,-0.0008840191,0.0096539821
2010-11-16,-0.015503393,-0.0160716974,-0.0397677348
2010-11-17,0.0024904968000000003,0.000984953,-0.019189629700000002
2010-11-18,0.0115874333,0.015245340900000001,0.0093252892
2010-11-19,-0.0032893271,0.0030029509,0.0079989493
2010-11-22,0.0009256609,-0.0006930801,-0.0015048737000000001
2010-11-23,-0.0039896618000000005,-0.0140296041,-0.019453185300000002
2010-11-24,0.0118374172,0.0155690674,0.011161701100000001
2010-11-26,0.0009192309,-0.0070001773,-0.0091826433
2010-11-29,0.0019072827,-0.001244008,-0.0018597472
2010-11-30,-0.001039938,-0.0061505681,-0.0161509492
2010-12-01,0.0155233335,0.021548339200000002,0.0011914714
2010-12-02,0.0091264063,0.012692492900000001,0.0071438046
2010-12-03,-0.0080065089,0.0032393248000000003,-0.00041205990000000003
2010-12-06,0.0052809927,-0.0010240063,0.0052501097
2010-12-07,-0.0005266588,0.0002698734,0.0065165825000000005
2010-12-08,0.0072469836000000004,0.0031493793,-0.0095518858
2010-12-09,0.0065602168,0.0037099139000000003,-0.013211504700000001
2010-12-10,0.0006176253,0.0061819118,0.010724684
2010-12-13,-0.0053852935,-9.261890000000001e-05,0.0288784908
2010-12-14,0.0022642681,0.000888394,0.0013720867
2010-12-15,-0.00207552,-0.0051910351000000006,-0.0053787838
2010-12-16,0.0100053069,0.006641142500000001,-0.0045642855
2010-12-17,0.0017329407000000001,0.0013012408,-0.0015423531
2010-12-20,0.0052912987000000005,0.0024935048,-0.014147811500000001
2010-12-21,0.006622531,0.0063997119000000005,0.0179799961
2010-12-22,0.0047565507,0.0034626456,-0.0090567866
2010-12-23,0.0020591380000000003,-0.0016031904000000001,-0.0078783089
2010-12-27,-0.0034446421,0.0004819487,-0.0189987598
2010-12-28,0.0034649079,0.0004733335,-0.0174384793
2010-12-29,0.0025282296,0.0017131013,0.0067841525000000005
2010-12-30,-0.0128254787,-0.0012130428,0.0029189913000000002
2010-12-31,-0.007049515,-0.00048737490000000004,0.0175586992
2011-01-04,0.0045915262,-0.0020098652,0.0159119453
2011-01-05,0.0096590895,0.0051672341,-0.0049588071000000004
2011-01-06,0.0073488754000000005,-0.0016331714,-0.0050880541
2011-01-07,0.0022304649,-0.0016417188,0.0051817764
2011-01-11,0.004237837600000001,0.0039212165000000005,0.0044252582000000006
2011-01-12,0.0028650664,0.0088339364,0.0061414513000000006
2011-01-13,-0.0148498734,-0.0015389748,0.0022779421000000003
2011-01-14,0.0004915791,0.0072238049,-0.012905008300000001
2011-01-18,-0.0010277915,0.0021868143,0.0008914044000000001
2011-01-20,-0.0176509733,-0.0020814004,-0.0292308959
2011-01-21,-0.007021294700000001,0.0018344790000000002,0.0140783534
2011-01-24,0.00035439300000000005,0.0062877419,-0.0072249949
2011-01-25,-0.0005735759,0.0003129578,-0.0067771936
2011-01-26,0.0041101729,0.0050841097000000005,0.011735503100000001
2011-01-27,-0.0008195102,0.0025682026,0.0149195314
2011-01-28,-0.0064563074,-0.0177175597,0.0012663611
2011-01-31,-0.0017991931,0.0076740247000000004,0.0138283834
2011-02-01,0.0104074354,0.016576758100000002,0.0029765653
2011-02-09,-0.0063013065,-0.0027209846000000003,-0.0088782848
2011-02-10,0.0039519483,0.001277733,0.0159207617
2011-02-11,0.0060610552,0.0059909402,0.0032405377
2011-02-14,0.0098798775,0.0030258947,0.025474014200000002
2011-02-15,-0.0044214747000000006,-0.0034532925000000003,4.97741e-05
2011-02-17,0.006370630600000001,0.0032949167,0.0010549691
2011-02-18,-0.0020993278,0.0015040351,-0.0093405039
2011-02-22,-0.016370182900000002,-0.0210687799,-0.0261966605
2011-02-23,-0.010851903900000001,-0.0069031589,0.0024720027000000003
2011-02-24,-0.0043414074,-0.0005442743,0.0055889688
2011-02-25,0.0139060751,0.011939626600000001,-2.0570200000000002e-05
2011-02-28,0.0033997792,0.005231469900000001,0.0092106685
2011-03-01,-0.008741669,-0.0158848752,0.0047900136
2011-03-02,-0.0059556604,0.0020513039000000003,-0.0017472228000000002
2011-03-03,0.0057646207000000005,0.0174920205,-0.0037095756000000003
2011-03-04,-0.0058818203,-0.0072114175,0.013557982100000001
2011-03-07,-0.0086377398,-0.0087315659,0.0183554433
2011-03-08,0.009589807,0.008966114,0.0012478322
2011-03-09,-0.0024082854,-0.0014445964,0.0007470978
2011-03-10,-0.0106739598,-0.0188253736,-0.0150580069
2011-03-11,-0.0021340271,0.0072959336,-0.0079380499
2011-03-14,-0.020563701900000002,-0.005870826,0.0013054295
2011-03-15,-0.0233094686,-0.0107965913,-0.0140776571
2011-03-16,-0.0048185691000000004,-0.0184899187,0.0119683262
2011-03-17,0.007893863400000001,0.0126079704,-0.0114282184
2011-03-18,-0.0024286285,0.0043631811,0.0032804291
2011-03-21,0.0122928749,0.0153872073,0.0007576378000000001
2011-03-22,0.0015168502,-0.0036489123,0.0034284896
2011-03-23,0.006378682100000001,0.002705725,0.0100735501
2011-03-24,0.0040480625000000004,0.0095319329,-0.0006093206
2011-03-25,0.0053351641,0.0036498492000000002,0.0106011423
2011-03-28,-0.00041482460000000004,-0.0029929703000000003,0.0020824007
2011-03-29,0.0038477668,0.0074743086,-0.0086927344
2011-03-30,0.0072698143,0.007353526700000001,-0.0007691368000000001
2011-03-31,-0.0074738863,-0.0012311429,-0.0093906728
2011-04-01,0.0077670560000000005,0.0052546434,0.013446885300000001
2011-04-06,-0.0062230261,0.0020708335,0.0114725428
2011-04-07,0.0013067385,-0.0018561969000000002,0.0021614512
2011-04-08,-0.0050995788,-0.0041356979000000006,0.00736766
2011-04-11,-0.0032597818,-0.0031631176,-0.0024146226
2011-04-12,-0.0136769733,-0.0080166301,-0.0004596647
2011-04-13,0.0031924947,0.0008499678,0.009621396400000001
2011-04-14,0.0014705225,0.0001025727,-0.0025653725
2011-04-15,0.0037737561,0.0044494854000000006,0.0026309802000000003
2011-04-18,-0.0007597822,-0.0113731386,0.0022680677
2011-04-19,-0.0021980083,0.0057804255,-0.019165686
2011-04-20,0.0057371593,0.0139589147,0.0026469736
2011-04-21,0.0040627749,0.0056051545,0.0065370770000000005
2011-04-26,0.0002558342,0.0090021779,-0.0087741652
2011-04-27,0.0021159133,0.0063879456,-0.0043513034
2011-04-28,-0.0022065886,0.0033091722,-0.0130376529
2011-04-29,0.0017778038000000002,0.0024713676,0.008369741
2011-05-03,-0.0028347153,-0.0043721387,0.0070615475
2011-05-04,-0.0109972746,-0.0068339473000000005,-0.022578729000000002
2011-05-05,0.007005718,-0.008277764200000001,0.0022432614
2011-05-06,0.0098594197,0.0040023099,-0.0029756108
2011-05-09,0.012788487000000001,0.0051377151,0.0029720214
2011-05-10,0.0029359604,0.0083467167,0.0063433391
2011-05-11,-0.0022252762,-0.0105854687,-0.0025108635
2011-05-12,0.0022046532,0.0048570617,-0.013645078000000001
2011-05-13,-0.0063696861,-0.0081932059,0.009503274800000001
2011-05-16,-0.007031397500000001,-0.0064487171,-0.0076640346
2011-05-17,-0.0008538395000000001,-0.0007840903,0.0012924552000000001
2011-05-18,0.0034184493,0.0097062189,0.0070199633
2011-05-19,0.0027400678,0.0021465607000000003,-0.0046037298
2011-05-20,0.00034318120000000003,-0.0072999997,-0.0003623186
2011-05-23,-0.0081863521,-0.0123239547,-0.029319393500000002
2011-05-24,-0.0040124263,-0.0009232714000000001,-0.0027586005
2011-05-25,0.0056217336000000005,0.003783592,-0.009121682400000001
2011-05-26,0.0031167577,0.0047286548,-0.0018869148
2011-05-27,-0.0026293503,0.004563277,-0.0096902075
2011-05-31,0.0048023772,0.010387273800000001,0.013595606900000001
2011-06-01,-0.0164915508,-0.0225957191,1.53147e-05
2011-06-02,-0.008845110100000001,-0.0010011732,-0.0139688498
2011-06-03,-0.012424923800000001,-0.0099668689,0.0084440621
2011-06-07,-0.0037661301,-0.00043286080000000003,0.00604716
2011-06-08,-0.0025489637000000002,-0.0045546350000000005,0.0022813188
2011-06-09,0.011129565000000001,0.0070535248000000005,-0.0167585428
2011-06-10,-0.0043902822,-0.014237524900000001,0.0007957419000000001
2011-06-13,-0.0011091173,0.0003226777,-0.0016632772
2011-06-14,0.0060665424,0.0131473664,0.010889755800000001
2011-06-15,-0.0034322325,-0.0171418046,-0.0090586299
2011-06-16,0.0019943545,0.0012722084,-0.015197082
2011-06-17,-0.0062677872,0.0027584479,-0.008088657
2011-06-20,0.0001491613,0.0055453657,-0.0082156447
2011-06-21,0.011432982900000001,0.0141812234,0.0095672355
2011-06-22,-0.0056317827,-0.0061218781,0.0009910724
2011-06-23,0.0058344423,-0.0024294192,0.0146441977
2011-06-24,-0.0054117623,-0.0115554127,0.0216259663
2011-06-27,-0.0036799231000000003,0.0086735126,0.0043586329
2011-06-28,0.0054658609,0.0134967531,0.0003198033
2011-06-29,0.011415013100000001,0.0085195116,-0.0111271252
2011-06-30,0.005813824600000001,0.0098073458,0.0123077654
2011-07-01,0.0103523685,0.0147300037,-0.0010084223
2011-07-05,0.0016991909,-0.0008495605,0.0012411365
2011-07-06,0.0079769998,0.001668966,-0.0021259936000000003
2011-07-07,0.0032061102,0.010474675400000001,-0.0058144393
2011-07-08,0.0010064605,-0.0067865,0.0012430123
2011-07-11,-0.0022000070000000004,-0.018877459200000002,0.0017349173
2011-07-12,-0.0059170578,-0.0044509706000000005,-0.0170963688
2011-07-13,-0.0021834116,0.0033952109,0.0148036412
2011-07-14,-0.0067597645,-0.007313709000000001,0.0053408974
2011-07-15,0.0039558518,0.0059671696,0.0034592791
2011-07-18,-0.0054858934000000005,-0.008847992,-0.0012198058
2011-07-19,0.0028587689,0.0166135423,-0.0069990866
2011-07-20,0.0056052001,-0.0005840677,-0.0010321961
2011-07-21,0.0016105436,0.0131129461,-0.0101330746
2011-07-22,0.0051228720000000005,0.0013831587,0.0017483862
2011-07-25,-0.0038333407,-0.00607351,-0.029599255300000002
2011-07-26,-0.008934296000000001,-0.0042065749,0.0053013618
2011-07-27,-0.0100280406,-0.0211226628,0.0075309134
2011-07-28,0.0008250206000000001,-0.0032551815,-0.005424675800000001
2011-07-29,-0.0097069403,-0.0059513136,-0.0026011643
2011-08-01,0.0055064412,-0.0041412967,0.0007535344000000001
2011-08-02,-0.0225072272,-0.0263210164,-0.0091030577
2011-08-03,-0.0107835633,0.0054833574000000005,-0.0002925346
2011-08-04,-0.0332848025,-0.049873989300000005,0.0020491258
2011-08-05,-0.014975278000000002,-0.0027167294,-0.0214259275
2011-08-08,-0.0500514939,-0.0685997571,-0.037804734
2011-08-09,0.024557690400000002,0.0495395283,-0.0003011854
2011-08-10,-0.0260982176,-0.0421618312,0.0091353822
2011-08-11,0.02467732,0.0471596319,0.012725157800000001
2011-08-12,0.0164001782,0.0054181841,0.0044726287
2011-08-15,0.0040083186000000005,0.022494461400000002,0.012980339700000001
2011-08-16,-0.0034345076,-0.0102099497,-0.0071094519
2011-08-17,-0.0006230104,0.00034917250000000003,-0.0026288228
2011-08-18,-0.0340071599,-0.045910451000000005,-0.0160925064
2011-08-19,-0.021368592500000002,-0.0155266095,-0.0098143591
2011-08-22,0.0017981349000000002,4.3072200000000004e-05,-0.0072432559
2011-08-23,0.022305144500000002,0.0347756039,0.0152008321
2011-08-24,0.0075864796,0.013298684600000001,-0.0050680425
2011-08-25,-0.007214805,-0.0163113012,0.029216788100000002
2011-08-26,0.006397186,0.016644201,-0.0011797921
2011-08-29,0.0112887348,0.0296973833,-0.0137021047
2011-08-30,0.0115184563,0.0029224596000000003,-0.0038281991
2011-08-31,0.015329676700000001,0.0048808535,0.0002807694
2011-09-01,0.0040608839,-0.0122752526,-0.0044200589
2011-09-02,-0.020035173,-0.0256836761,-0.0108661828
2011-09-06,-0.0049106966,-0.0072807404,-0.0033313125
2011-09-07,0.0270824213,0.0298943246,0.0184326554
2011-09-08,-0.0008379831000000001,-0.0108183952,-0.0068359394
2011-09-09,-0.0087402022,-0.0267629012,-0.0004603969
2011-09-13,0.005359851200000001,0.010320447,-0.0105782959
2011-09-14,0.0092320423,0.013938104000000002,0.0054824395
2011-09-15,0.0081801958,0.0168298228,-0.0023180113
2011-09-16,0.010632836100000001,0.0050592307,0.0013347526
2011-09-19,-0.004254013,-0.0099099672,-0.0179546038
2011-09-20,-0.0028226158,-0.0029179249,0.0040914965
2011-09-21,-0.0192694811,-0.0296129498,0.026627885900000002
2011-09-22,-0.0258204662,-0.032834105,-0.0278232276
2011-09-23,0.0007557066000000001,0.0066867756,-0.0040365369
2011-09-26,0.0157528863,0.0226424699,-0.0163824301
2011-09-27,0.0161288734,0.0113472034,0.0091483789
2011-09-28,-0.012219584300000001,-0.0216494732,-0.0095595735
2011-09-29,0.0027763062,0.0076027528,-0.0111737594
2011-09-30,-0.0057964918,-0.0252286011,-0.0025933129000000003
2011-10-10,0.014200801800000001,0.0342699169,-0.0061020981
2011-10-11,0.0038809879,0.0005636713000000001,0.0016558891
2011-10-12,0.0023357692,0.0102490221,0.0304330059
2011-10-13,0.0015266014,-0.0023239367,0.007731453300000001
2011-10-14,0.0022318037,0.017534891400000002,-0.0030344611
2011-10-17,-0.0042973155,-0.0199378537,0.0037155981
2011-10-18,0.0095643692,0.0207237417,-0.0233258116
2011-10-19,-0.010185468900000001,-0.0128685521,-0.0025185851000000003
2011-10-20,4.28087e-05,0.0044589672,-0.0194048881
2011-10-21,0.008485237000000001,0.0191095209,-0.0060424805
2011-10-24,0.0159966005,0.0146904876,0.022879604300000002
2011-10-25,-0.0142483839,-0.0203918605,0.0165707671
2011-10-26,0.0096032383,0.0107484403,0.0073820459
2011-10-27,0.0183138769,0.0346678273,0.0033312621000000002
2011-10-28,0.0004907005,0.0003601224,0.0154920529
2011-10-31,-0.0136811759,-0.024561349000000003,-0.0021111177000000003
2011-11-01,-0.0158087436,-0.0282536822,0.00074117
2011-11-02,0.0030690383,0.0164132585,0.0138263442
2011-11-03,0.0183764345,0.019329358600000002,0.0015731358
2011-11-04,-0.0036746013,-0.0053111455,0.0080893432
2011-11-07,0.0018881492,0.005503847300000001,-0.0072986069
2011-11-08,0.0042924218000000005,0.0119354434,-0.0023607415
2011-11-09,-0.0118447685,-0.0370369069,0.0084048869
2011-11-10,-0.0025709220000000002,0.0081759633,-0.017979167900000002
2011-11-11,0.0114095121,0.019689429600000002,0.0006083655
2011-11-14,-0.0010684619,-0.0092232923,0.0191919207
2011-11-15,0.0047968073,0.0052290273,0.00039606170000000004
2011-11-16,-0.010446379300000001,-0.0160996481,-0.024854904100000002
2011-11-17,-0.012167817400000001,-0.0170100851,-0.0015883768000000001
2011-11-18,-0.0056285444,-0.0005247428,-0.0188423245
2011-11-21,-0.018431868900000002,-0.018186869,-0.0005819304000000001
2011-11-22,-0.0052788926000000005,-0.0041382324000000005,-0.0010393796
2011-11-23,-0.0108905699,-0.022399316500000002,-0.0072711967
2011-11-25,0.0015861923,-0.0025004378,-0.0072308523
2011-11-28,0.0252710739,0.0297348726,0.0012023942000000001
2011-11-29,0.0080104064,0.0022746363,0.012340629
2011-11-30,0.028100608200000002,0.0436541218,-0.032600187
2011-12-01,0.0002768792,-0.0019228213,0.022982624700000003
2011-12-02,0.005517598,7.16726e-05,-0.0108652181
2011-12-05,0.0070702022,0.0104141213,-0.011562017800000001
2011-12-06,0.0013030188,0.0005319661000000001,-0.0032315924000000003
2011-12-07,0.0026389546,0.0018437517,0.0029179774
2011-12-08,-0.012878737000000001,-0.02166902,-0.0012966470000000002
2011-12-09,0.0061142119,0.0172356051,-0.0062559202
2011-12-12,-0.004221908700000001,-0.0150432199,-0.0102409523
2011-12-13,0.0013765762,-0.009467896,-0.0186730385
2011-12-14,-0.0070337989,-0.011849298000000001,-0.0089432648
2011-12-15,-0.0005629981,0.0037327996,-0.0213834219
2011-12-16,-0.0007018816,0.0041138015,0.0200786892
2011-12-19,-0.0076239128,-0.012376024900000001,-0.0029728287
2011-12-20,0.0175440581,0.0302608927,-0.0010482312
2011-12-21,0.0052210343,0.0020088449,-0.011180287300000001
2011-12-22,0.0062681512000000005,0.008804942000000001,-0.0022531239
2011-12-23,0.0094002054,0.0087731436,0.0084559495
2011-12-27,-0.0008559764000000001,0.0002792421,-0.0108686944
2011-12-28,-0.0039157464000000005,-0.012852191800000001,0.0017335657
2011-12-29,0.0102759003,0.0109081491,0.0016393767000000001
2011-12-30,-0.0005170377,-0.004030754,0.0118954087
2012-01-04,0.0089779552,0.000140271,-0.0136473598
2012-01-05,0.0032071394,0.0035822849,-0.0096031942
2012-01-06,0.0015940562,-0.0017872399,0.0069666694
2012-01-09,-0.001066824,0.0025837784000000003,0.0288397195
2012-01-10,0.009377238900000001,0.009284766,0.0268918868
2012-01-11,0.0046622655,0.0009328580000000001,-0.0042432523
2012-01-12,-0.0059163747,0.0026042441,-0.0004307509
2012-01-13,0.0053142672,-0.0050898851,-0.0133573107
2012-01-17,0.0030356615,0.0034426027,0.0417928858
2012-01-18,0.0021940871,0.011732482,-0.0139609652
2012-01-19,0.0029815146,0.0052995739,0.0131381238
2012-01-20,0.0003439358,0.0004281367,0.010061576000000001
2012-01-30,-0.0047048584,-0.0027269403000000003,-0.014719095100000001
2012-01-31,0.0037730929000000003,-0.0005307554,0.0033149564
2012-02-01,0.0051887782,0.0100583613,-0.0107124696
2012-02-02,0.00425051,0.0013705771,0.0196327343
2012-02-03,0.0144026284,0.0150158111,0.0077175360000000005
2012-02-06,0.0032024734,-0.0003527528,0.0003005949
2012-02-07,-0.008622522300000001,0.0019028812,-0.016869037400000002
2012-02-08,0.001710918,0.0023980919,0.024309130300000002
2012-02-09,-0.0015149125000000002,0.0017789513,0.0008616754
2012-02-10,-0.0028453747,-0.0072187624,0.0010001568
2012-02-13,0.0053950424,0.0072297361,-5.1908000000000005e-05
2012-02-14,0.0022513028,-0.0008502171,-0.0030257954
2012-02-15,0.0059856946,-0.0045877454,0.0093409324
2012-02-16,0.0057006,0.0116744801,-0.0041720816
2012-02-17,-0.0027742360000000002,0.0018244023,0.00012073740000000001
2012-02-21,-0.0014818258,0.00016358720000000002,0.0075464409000000005
2012-02-22,-0.0023611792,-0.0033316250000000004,0.009287249000000001
2012-02-23,-0.0016458329000000002,0.0048993535,0.0024798352
2012-02-24,-0.0060392573,0.0017384825000000001,0.0124503548
2012-02-27,0.0030820232,0.0012762773,0.0030372850000000002
2012-02-28,0.0019926242,0.0029536141000000003,0.0019974636
2012-02-29,0.0001085803,-0.0046600696,-0.0095510047
2012-03-01,0.0075233933,0.0065249489,-0.0009713078000000001
2012-03-02,0.0052780185,-0.0035891889,0.0142372824
2012-03-05,-0.0070815221,-0.0041464696,-0.0064055664
2012-03-06,-0.0118091757,-0.0158652498,-0.0141209748
2012-03-07,0.003585468,0.007613213000000001,-0.0064821311
2012-03-08,0.0039036252,0.0101575925,0.0105826098
2012-03-09,0.0128292315,0.0040794058,0.0079203394
2012-03-12,-0.0031512345000000003,-0.0003299464,-0.0019058895
2012-03-13,0.0167977289,0.0185766573,0.0086103089
2012-03-14,0.0041452561,-0.0017081239,-0.0262795488
2012-03-15,0.0032054542,0.0062319297000000004,-0.0072978706
2012-03-16,-0.0027231981,0.0009330416,0.0130248709
2012-03-19,-0.0020590699,0.003814057,0.0022486662
2012-03-20,-0.005233289,-0.0034797752,-0.0138168538
2012-03-21,-0.0009535084000000001,-0.0015377105,0.0005546348
2012-03-22,-0.006134644000000001,-0.0075561649000000005,-0.0010011856000000001
2012-03-23,-0.0023475649,0.0034434269,-0.0109879516
2012-03-26,0.0064256304,0.0138661901,0.0004456932
2012-03-27,-7.766170000000001e-05,-0.0028995632,-0.0014653115000000001
2012-03-28,-0.0049911297,-0.0048289741,-0.026539872000000003
2012-03-29,-0.004584838,-0.0013761154000000002,-0.0143861235
2012-03-30,0.0021131266,0.0034989192,0.0047279747
2012-04-05,0.0027817112,-0.0004376002,0.017412566600000002
2012-04-10,-0.0247313786,-0.0178516566,0.0087928662
2012-04-11,0.0024735271,0.0080565032,0.0012579338
2012-04-12,0.0097938664,0.0143190869,0.018215615100000002
2012-04-13,-0.0049868045,-0.012250425700000001,0.0035306094000000002
2012-04-16,0.0005730936,-0.0006409433,-0.0008769974
2012-04-17,0.009307071,0.015390409,-0.0093415166
2012-04-18,-0.0006544766000000001,-0.0038795254,0.019659795
2012-04-19,-0.0061349853000000005,-0.0053587971,-0.0009267042
2012-04-20,-0.0019394314,0.0010945058,0.0118968979
2012-04-23,-0.0074468026,-0.008655696000000001,-0.0077393968
2012-04-24,-8.42477e-05,0.0032902993,8.31467e-05
2012-04-25,0.0119835032,0.014206142900000001,0.007548135500000001
2012-04-26,0.0026586919000000002,0.0069416368,-0.0008818603
2012-04-27,0.001838376,0.0027509581,-0.003478698
2012-05-02,0.0014479329,-0.0020007619,0.0176127521
2012-05-03,-0.0052960546,-0.008445105000000001,0.0006962258
2012-05-04,-0.0120480932,-0.0160239502,0.0048811848000000005
2012-05-07,0.0013620505,0.0004790808,-1.74833e-05
2012-05-08,-0.0040049033,-0.0041220114,-0.0012907881
2012-05-09,-0.0029041028000000003,-0.0061459774000000005,-0.0164605432
2012-05-10,0.0012512841000000001,0.0027177514,0.0007338099000000001
2012-05-11,-0.0010597355,-0.0028146154,-0.0063404582
2012-05-14,-0.0062381136,-0.0112376955,-0.0059945395
2012-05-15,-0.0035341126,-0.0055572308,-0.0024529597
2012-05-16,-0.0053349722,-0.004355754,-0.012039176300000001
2012-05-17,-0.0076634929,-0.0163747913,0.0139215858
2012-05-18,-0.0124963786,-0.007977303600000001,-0.0144188044
2012-05-21,0.007286154,0.0170135933,0.0016440248
2012-05-22,0.0081420272,0.0007168574,0.0106380686
2012-05-23,0.0028329899,0.0020614569,-0.0041523471
2012-05-24,0.0033495148000000003,0.0015302335000000002,-0.0052809512
2012-05-25,0.0029440326000000003,-0.0019655752,-0.007393921800000001
2012-05-29,0.0100858085,0.0114676064,0.011927742600000001
2012-05-30,-0.0052444424,-0.014736500900000001,-0.0020653017
2012-05-31,-0.0010169651000000001,-0.0023475106,-0.0052600673
2012-06-01,-0.0203812611,-0.025244836200000002,0.0005159145
2012-06-04,-0.012578862500000001,-0.0006817817,-0.0273333092
2012-06-05,0.0086395181,0.0066928754,0.0014658216
2012-06-06,0.0189602197,0.023259174100000002,-0.0010083084
2012-06-07,0.0010968677,-0.0007078104,-0.0071436927
2012-06-08,0.0056450267,0.0080101635,-0.0051065047
2012-06-11,-0.0067623928,-0.0133658001,0.0107168925
2012-06-12,0.010364759000000001,0.0115496164,-0.007037388
2012-06-13,-0.0105595277,-0.0073324623,0.0126939162
2012-06-14,0.0028630698,0.0103672228,-0.0099376412
2012-06-15,0.0083894625,0.0102338065,0.0047028144
2012-06-18,0.006471792400000001,0.0022016795,0.0038811385000000003
2012-06-19,0.0044593934,0.010042142,-0.0065803308
2012-06-20,0.0003563868,-0.0014756929000000001,-0.0034688217
2012-06-21,-0.0105189466,-0.0226014711,-0.0139733545
2012-06-25,-0.010058283900000001,-0.0161151224,-0.016278597000000002
2012-06-26,0.0023813967000000003,0.005087903,-0.0009206153000000001
2012-06-27,0.0104679316,0.0090316495,-0.0023112444
2012-06-28,0.0009631384,-0.0018467844,-0.009509043
2012-06-29,0.0084838416,0.0252295978,0.0135292028
2012-07-02,0.0122707311,0.0029126845,0.00029298460000000003
2012-07-03,0.0070385722,0.007030353400000001,0.0014251576
2012-07-05,0.0041458563,-0.0041611965,-0.0116433387
2012-07-06,-0.0043794155,-0.009409279000000001,0.0101070304
2012-07-09,-0.0038300949000000003,-0.0019701078,-0.0237509587
2012-07-10,-0.0004893075,-0.0084652735,-0.0029665438
2012-07-11,0.0003100614,-0.00037787760000000003,0.0050463806
2012-07-12,-0.0040657203,-0.0046882929,0.0046702543
2012-07-13,0.009802476400000001,0.0162566564,0.0002018219
2012-07-16,0.0003730466,-0.0025839499,-0.017362570600000002
2012-07-17,0.0051071704,0.007259162,0.006163551000000001
2012-07-18,0.0034964312,0.0066325066,0.0036726223
2012-07-19,0.0076757074000000005,0.0028116702,0.0072430438000000005
2012-07-20,-0.0054596865,-0.0101606972,-0.0074353215000000005
2012-07-23,-0.0122103794,-0.009317138800000001,-0.0125809236
2012-07-24,-0.0046765963,-0.0093823568,0.0024331359
2012-07-25,-0.0043315347,0.0001037577,-0.0046564062
2012-07-26,0.0070785153,0.0160390899,-0.004768026000000001
2012-07-27,0.0122149553,0.0192593198,0.0013082378000000001
2012-07-30,0.013747237300000001,-0.0007961944,-0.0086314483
2012-07-31,-0.0082688854,-0.0044236753,-0.0029482847
2012-08-01,-0.0005036273,-0.0034006476000000003,0.0093257957
2012-08-02,0.0006638433,-0.0070784602,-0.0057227887
2012-08-03,0.0045319213,0.019104406100000002,0.010146854700000001
2012-08-06,0.0012332958,0.0026539945,0.0103009558
2012-08-07,0.0060396791000000005,0.0055782893,0.0012728795000000002
2012-08-08,0.0048540813,0.0008927480000000001,0.0015756366
2012-08-09,0.0052472702,0.0010763192000000001,0.0060633949000000005
2012-08-10,-0.0001915911,0.0021352935,-0.0024366746
2012-08-13,-0.00466164,-0.0011779382,-0.015045454100000001
2012-08-14,0.0035793597,-7.10491e-05,0.0029625098
2012-08-15,0.0023565616000000003,0.0020261937,-0.011042565300000001
2012-08-16,0.0018356417,0.0073141747,-0.0031805729000000003
2012-08-17,0.0074852176,0.0020224969000000002,0.0012684056
2012-08-20,-0.0039736888,-0.0002652971,-0.0037830164000000003
2012-08-21,-0.0081120739,-0.0030074383,0.0053488522
2012-08-22,-0.0034704271,0.00022204170000000002,-0.0049877541
2012-08-23,-0.0106786973,-0.0077482258,0.0025104778
2012-08-24,0.0052697054000000005,0.0062227562,-0.009914599500000001
2012-08-27,0.0006301785000000001,-0.0006277446000000001,-0.0174050315
2012-08-28,-0.0059087695,-0.00026669570000000003,0.0084653074
2012-08-29,0.0023401685000000003,0.0011137343,-0.0096341399
2012-08-30,-0.0063580763,-0.0075150929,-0.00030176920000000003
2012-08-31,-0.0029760005,0.0051488826,-0.0024961971
2012-09-04,-0.0032074042,-0.0002444435,-0.0075429275
2012-09-05,-0.0045945027,-0.0007245534,-0.0029203178000000002
2012-09-06,0.0160905128,0.020500936900000002,0.0069922228000000005
2012-09-07,-0.0015115148,0.0044050921,0.0369761224
2012-09-10,-0.0030514627000000002,-0.0059635438,0.0033434382000000003
2012-09-11,-0.0006360507,0.0029916851,-0.0067258705
2012-09-12,0.0006642987,0.0025639365,0.0028158463
2012-09-13,0.0077948922,0.0157294519,-0.0076139743000000005
2012-09-14,-0.0046423388000000005,0.0048773548,0.0063954772
2012-09-17,-0.0031106876,-0.0039164904,-0.0213331031
2012-09-18,0.0024326839,-0.0016437889,-0.009139564900000001
2012-09-19,0.0032758908000000003,0.0015550812000000001,0.0039987354
2012-09-20,0.0029032635000000003,-0.0011004104,-0.020814097400000002
2012-09-21,5.93354e-05,4.43125e-05,0.000914939
2012-09-24,0.0012292325,-0.0024992110000000003,0.0031975217000000003
2012-09-25,-0.0064015677,-0.010910048200000001,-0.0019131684000000002
2012-09-26,-0.0032062731,-0.0054847482,-0.0123659496
2012-09-27,0.0065711452000000005,0.0098469737,0.0260466913
2012-09-28,-0.007008219600000001,-0.0041076131,0.0145374292
2012-10-08,0.0006325393,-0.0035190346,-0.0056387021
2012-10-09,-0.0038995881000000003,-0.009957110600000001,0.0197045553
2012-10-10,-0.0067752661,-0.006038871800000001,0.0022390837
2012-10-11,-0.000269976,0.0008899834,-0.008063907700000001
2012-10-12,-0.0037985979000000002,-0.0032444427,0.0009750034
2012-10-15,0.0074185183,0.0079522299,-0.0029446615
2012-10-16,0.0058748767,0.0102896264,3.42144e-05
2012-10-17,0.00033893620000000004,0.004390073,0.0032557166000000003
2012-10-18,0.0024245206,-0.0020633953,0.0124010492
2012-10-19,-0.007851941500000001,-0.0161555412,-0.0015874708
2012-10-22,-0.0040511956,0.000137935,0.0020763251
2012-10-23,-0.007388408900000001,-0.013674109700000001,-0.008604626
2012-10-24,-0.001205904,-0.0030126407000000003,0.0007364699
2012-10-25,0.0039032918,0.0027965399,-0.0068439314
2012-10-26,0.0,-0.0009622508,-0.0168532357
2012-10-29,-0.0005516474,0.0,-0.0035281813
2012-10-31,0.0012685411,0.0009908137000000001,0.0031588221
2012-11-01,0.0102440658,0.012075875600000001,0.0171956657
2012-11-02,0.0019974918,-0.0095644106,0.0060205777
2012-11-05,0.0028429797,0.0024101201,-0.0014311168000000001
2012-11-06,0.004483936,0.0079128665,-0.0037989247
2012-11-07,-0.0121139708,-0.022416399,-0.0001155785
2012-11-08,-0.007366638500000001,-0.0121853073,-0.0162994549
2012-11-09,0.0009865695,0.0016507989,-0.0011930046
2012-11-12,-0.0015370288,7.420940000000001e-05,0.0049565205000000005
2012-11-13,-0.0018473645000000002,-0.0036307279,-0.0151167924
2012-11-14,-0.0123106453,-0.013933404000000002,0.0036867006
2012-11-15,-0.0076144463,-0.0017690296,-0.0122566701
2012-11-16,0.0064326240000000005,0.005501781000000001,-0.0076663108
2012-11-19,0.013104894300000001,0.019675033,0.0011046639
2012-11-20,0.0014342384000000001,0.0010715621000000001,-0.0040179979000000005
2012-11-21,0.0011239927000000001,0.0025563436,0.0106615723
2012-11-23,0.0052698775,0.0129436177,0.0058677406
2012-11-26,-0.0020806874,-0.0018790340000000001,-0.0049017301000000004
2012-11-27,0.000315913,-0.0047532951,-0.0130370493
2012-11-28,0.0048454771,0.0079422546,-0.0088581317
2012-11-29,0.0032775094,0.0047271163000000005,-0.0050892135
2012-11-30,-0.0018436906,0.00044174460000000003,0.0083915251
2012-12-03,-0.0055325903,-0.0046421176000000005,-0.0102664718
2012-12-04,-0.0012443194,-0.0016551526,0.0078577593
2012-12-05,0.0027986025,0.0018874567,0.0287620012
2012-12-06,0.0091378884,0.0036297558,-0.0013099952
2012-12-07,0.0057453324,0.002917189,0.0160656791
2012-12-10,0.0010733136,0.0007906717000000001,0.0106838906
2012-12-11,0.00033680090000000004,0.006294579000000001,-0.0043531573
2012-12-12,-0.0011692384,0.0005227512,0.0038858338000000003
2012-12-13,-0.0066601337,-0.005998971200000001,-0.0102479093
2012-12-14,-0.0031336211,-0.003927127,0.0433420135
2012-12-17,0.0031793841,0.011508752,0.0045179898
2012-12-18,0.0054189171,0.0116438644,0.0009721059
2012-12-19,-0.0023442134,-0.006692453100000001,-0.00011092940000000001
2012-12-20,0.0039873444000000004,0.0055482372,0.0028336056
2012-12-21,-0.0029963832,-0.0092338299,-0.0069764021
2012-12-24,-0.0035742614,-0.0022024685,0.0026667224
2012-12-27,-0.0029803866,-0.000867234,-0.006008607
2012-12-28,-0.0065513908,-0.010454036600000001,0.0123746081
2012-12-31,0.011126036,0.0168641683,0.0161308126
2013-01-04,0.0078995113,0.0052537291,0.0034301206000000002
2013-01-07,-0.0062700785,-0.0030246421,0.0035240075
2013-01-08,-0.000719455,-0.0027281193000000003,-0.0042226609
2013-01-09,0.0053080771,0.0031380445,-0.0002580916
2013-01-10,-0.0047623982,0.0070084618,0.0036585076000000003
2013-01-11,-0.0074811026,0.0002186922,-0.0177722459
2013-01-14,-0.0027075891000000003,-0.0006351421,0.0306227471
2013-01-15,0.0031703494,0.0016130268,0.0060366787
2013-01-16,0.0011522982,-0.0001437485,-0.006977694600000001
2013-01-17,0.0004796952,0.0058543222,-0.0106774122
2013-01-18,0.0065021093,0.0032758922,0.0140879743
2013-01-22,0.0051390068,0.0047253377,-0.0056618446
2013-01-23,-0.00012932930000000002,0.0013077777,0.0024514055
2013-01-24,-0.0047339787000000005,0.0005933905,-0.0077998392
2013-01-25,-0.0009617134,0.0059268585,-0.0048795607000000005
2013-01-28,-0.0005551219,-0.0019297262000000002,0.024072121300000002
2013-01-29,0.0040783038,0.0043862381,0.0052995389
2013-01-30,-0.0072074258,-0.0036580105000000003,0.010018911
2013-01-31,-0.0028985901,-0.0018514721,0.0012250089
2013-02-01,-0.001213563,0.0098825988,0.0141347871
2013-02-04,-0.0018441894000000001,-0.0113036406,0.003815333
2013-02-05,0.0055254516,0.010322701,0.0020532807
2013-02-06,0.0020465393,0.0011227665,0.0005100501
2013-02-08,0.013540409500000001,0.0058259016,0.0057281574
2013-02-19,0.0075819819000000005,0.0072294827,-0.015778596500000002
2013-02-20,-0.0073464870000000005,-0.0127809289,0.0059442441
2013-02-21,-0.0016000582,-0.0066560078000000005,-0.0297745771
2013-02-22,0.011792014,0.0090789987,-0.0050713373
2013-02-25,-0.0109600562,-0.0180578728,0.0049845252
2013-02-26,0.0071165183,0.006220192,-0.0139954433
2013-02-27,0.0066154775,0.0131240682,0.008667747
2013-02-28,0.0070534123,-0.000646326,0.0226623287
2013-03-01,0.0045129013,0.0018962606,-0.0026026526
2013-03-04,0.00035906940000000003,0.0046503279,-0.0365056538
2013-03-06,0.0133058424,0.0014789103,0.0089671844
2013-03-07,-0.0045473717,0.0020787882,-0.0097903214
2013-03-08,0.0104768337,0.0048736331,-0.0024052272000000003
2013-03-11,0.0016952623,0.0031538060000000003,-0.0034534652000000002
2013-03-12,-0.001569756,-0.0022797382,-0.010331545900000001
2013-03-13,0.0031608254,0.0018974062,-0.0098761119
2013-03-14,0.0047099734,0.0056939868,0.0027755882
2013-03-18,-0.0043304924,-0.0052890616000000005,-0.0168741606
2013-03-19,0.0028805388,-0.0025068907,0.0077760139
2013-03-20,0.0005776914,0.0071145658,0.0265747533
2013-03-21,-0.0030494251,-0.0082325066,0.0029686632
2013-03-22,-0.0017455281000000001,0.0067315136,0.0017354387
2013-03-27,0.0155410385,-0.00017447600000000001,0.0015642419000000002
2013-03-28,-0.0010539317,0.0043477628,-0.028301569500000002
2013-04-02,0.0007248139,0.0041125673,-0.003009924
2013-04-03,-0.0068332185,-0.0108836872,-0.0010740762
2013-04-08,0.0060086834,0.0068436518,-0.0061227027000000005
2013-04-09,0.0016327553000000002,0.0032532142,0.0064019614
2013-04-10,0.0116394315,0.0122428371,0.0001982789
2013-04-11,0.0043154988,0.0038614348000000002,-0.0029659974000000003
2013-04-12,-0.0017333259,-0.0027573561,-0.005781503800000001
2013-04-15,-0.015602711600000001,-0.0238362329,-0.0111578855
2013-04-16,0.0013863912000000001,0.014477721,0.0059039028
2013-04-17,-0.0052350059,-0.0143204118,-0.0005162403
2013-04-18,-0.0079557247,-0.0066868964000000005,0.0017437987
2013-04-19,0.0062512453,0.009331903,0.0213755511
2013-04-22,0.007581945200000001,0.0044892018,-0.0011067241
2013-04-23,0.0126997085,0.0104235643,-0.025738869
2013-04-24,0.006808027800000001,0.00033434210000000004,0.015470073300000001
2013-04-25,0.0051476458000000004,0.0043005044,-0.008609431
2013-04-26,-0.0020532591,-0.0019340235000000002,-0.0096467713
2013-05-02,0.010953961100000001,0.009284634200000001,-0.0016980620000000002
2013-05-03,0.005202524,0.0103174939,0.014350373500000001
2013-05-06,0.0042640427,0.0022471335000000003,0.011630161200000001
2013-05-07,0.0050036703000000005,0.0054755828,0.0019826806
2013-05-08,0.0015942235,0.0047501456,0.0048145531000000005
2013-05-09,0.0011055008,-0.0032625237,-0.0059538927
2013-05-10,0.0093981282,0.0045705696,0.0062215966000000004
2013-05-13,0.0005430422,-9.478700000000001e-05,-0.0021760418
2013-05-14,0.005963398500000001,0.010380168,-0.011138329
2013-05-15,0.0129813296,0.0052607266000000005,0.003512349
2013-05-16,-0.0058671470000000005,-0.0051115351,0.0121541457
2013-05-17,0.0091704494,0.010109758600000001,0.0138323169
2013-05-20,0.0027458566000000003,-0.0005995159,0.007514374900000001
2013-05-21,0.0002042406,0.0017905144000000001,0.0022293698
2013-05-22,-0.0049385891,-0.0089854218,-0.0011762201
2013-05-23,-0.0155201374,-0.00267185,-0.0116088658
2013-05-24,-0.0023238039,-0.0008513712,0.0056450802
2013-05-28,0.011813926800000001,0.0063304035,0.0123434621
2013-05-29,-0.0132563117,-0.0071231727,0.0011659573000000001
2013-05-30,-0.0054733528,0.0041768128000000005,-0.0026955154
2013-05-31,-0.0058550985,-0.0137146058,-0.0073341775000000005
2013-06-03,-0.0049068191,0.0048978353,-0.0006452829
2013-06-04,-0.0023626610000000003,-0.005503142700000001,-0.0116537975
2013-06-05,-0.016039731,-0.0136088184,-0.0006591148
2013-06-06,-0.005940881,0.0089776243,-0.0127306772
2013-06-07,0.0082276533,0.0126845055,-0.01396369
2013-06-13,0.0064649078,0.0151488227,-0.0282980236
2013-06-14,-0.0027899076,-0.0053909839,0.0063480124
2013-06-17,0.0085723116,0.0072810111,-0.0026784972000000002
2013-06-18,0.0005080317000000001,0.0077216154,0.0014551296
2013-06-19,-0.0057708892000000005,-0.0137895763,-0.007347994300000001
2013-06-20,-0.017964411700000002,-0.025085327,-0.027786197300000003
2013-06-21,0.0010235349,0.0020293687,-0.0052410808
2013-06-24,-0.0111327454,-0.012036009,-0.0530320181
2013-06-25,0.0093900578,0.0098997517,-0.0018668651000000001
2013-06-26,0.015127439500000001,0.0098288452,-0.0042223827
2013-06-27,0.0076829169000000004,0.0070835384000000005,-0.0007110727
2013-06-28,-0.0008642803,-0.0038908746,0.014987647000000002
2013-07-01,0.0048340842,0.0062646562000000005,0.0081197965
2013-07-02,0.0005389968,-0.0005550111,0.005696629
2013-07-03,0.0016884025,0.0007962565,-0.0061077005
2013-07-05,0.006706743,0.010243291100000001,0.0005677946
2013-07-08,0.0033309916,0.00515379,-0.024361659
2013-07-09,0.0137517603,0.0075182926,0.0037354687000000003
2013-07-10,-0.0022350010000000003,0.0003980208,0.021665342900000002
2013-07-11,0.0018044505000000001,0.0137381997,0.0323275467
2013-07-12,4.6582800000000004e-05,0.0031677154,-0.0162377244
2013-07-15,0.0021271806,0.0015567153,0.0097762375
2013-07-16,-0.0068947886,-0.0040994573000000005,0.0031368471
2013-07-17,0.0052420959,0.0031328809,-0.010050784200000001
2013-07-18,0.0052225197,0.0053494372,-0.010594852600000001
2013-07-19,-0.0021769674000000003,0.0012597031,-0.0152132359
2013-07-22,0.0007039518,0.0023061645,0.006155355
2013-07-23,-0.0021723737000000003,-0.0016898960000000002,0.0195514339
2013-07-24,-0.0021384408,-0.0041586393,-0.0051870968
2013-07-25,-0.0005746564,0.0035622694,-0.0060133913
2013-07-26,-0.0032706892000000003,0.0006376162,-0.0051190478
2013-07-29,-0.0042012549000000005,-0.0035603837,-0.017218334000000002
2013-07-30,0.0017454366000000002,0.0010118969,0.0069851606
2013-07-31,-0.0040318337,0.00035981500000000004,0.0018574223000000002
2013-08-01,0.0148905957,0.0133210814,0.017726732800000002
2013-08-02,0.0027056068,0.0015638555,0.00015303540000000002
2013-08-05,0.0012103831,-0.0011572046,0.0104259999
2013-08-06,-0.0063141806,-0.00635752,0.0048855121
2013-08-07,-0.0063386497,-0.0037755894000000003,-0.0066817147
2013-08-08,0.0006627934,0.0044490547,-0.0009312229000000001
2013-08-09,0.0021120681,-0.0028571562,0.0035803428
2013-08-12,0.0025662980000000003,-0.0009291331,0.0239033406
2013-08-13,0.006484920900000001,0.0022247073,0.0023094724
2013-08-14,-0.001510574,-0.0050206215,-0.0028748924
2013-08-15,-0.011153478000000001,-0.0142972906,-0.008689261700000001
2013-08-16,-0.0054952346,-0.003140911,-0.0064445202000000005
2013-08-19,-0.0057689138,-0.0059841085,0.008277440300000001
2013-08-20,-0.0066155109000000005,0.0048584711,-0.006276207000000001
2013-08-21,-0.0032105790000000003,-0.0056399891,0.0001867622
2013-08-22,0.0076057562,0.008933608800000001,-0.0028214686
2013-08-23,0.0030621758,0.004262636,-0.0047079257
2013-08-26,-0.00045751790000000004,-0.0033121054000000002,0.019004982
2013-08-27,-0.014450056400000001,-0.0164420306,0.0034502264
2013-08-28,0.0005365065,0.0029921407,-0.0009638645
2013-08-29,0.0097160449,0.0027076069000000003,-0.0019031287
2013-08-30,-0.0026632214,-0.0038624600000000003,0.00047054000000000003
2013-09-03,0.0060429404,0.0040636365,0.011762309700000001
2013-09-04,0.0037296147000000003,0.0082773036,0.002152141
2013-09-05,0.006915139900000001,0.0014887842,-0.0024227501
2013-09-06,0.0003419102,0.0005426717,0.0082831906
2013-09-09,0.0020425281,0.0105779988,0.033957469000000004
2013-09-10,0.007998449900000001,0.0075252586,0.0114668157
2013-09-11,0.0016069877,0.0032399908,0.0013851008
2013-09-12,-0.0020189458,-0.0031024464,0.0064327842000000005
2013-09-13,0.0041229049,0.0026168291000000002,-0.0085316824
2013-09-16,0.0015245254,0.0054216701,-0.0021076404
2013-09-17,0.0005201242,0.004798001200000001,-0.0206243267
2013-09-18,0.0089751235,0.011894047100000001,0.0028252064
2013-09-23,-0.0020131660000000003,-0.0048071237,0.0132828022
2013-09-24,-0.0012885708,-0.0018547492,-0.0061108987
2013-09-25,-0.0022503053000000003,-0.002159016,-0.0040840935
2013-09-26,0.004533699,0.0040589442,-0.0193600401
2013-09-27,-0.0053100652,-0.0038233482000000004,0.0019328369000000001
2013-09-30,-0.0070794688000000005,-0.005545887,0.0067314901
2013-10-08,-0.0099407621,-0.0129898653,0.0108441245
2013-10-09,0.00393101,-0.0001012288,0.0061691067
2013-10-10,0.01648019,0.022118547000000002,-0.009465934700000001
2013-10-11,0.0045482252,0.0065228155,0.0169949026
2013-10-14,0.0016787176000000001,0.0040432448,0.0043628296000000006
2013-10-15,0.0033900142000000003,-0.007030634,-0.0019719712
2013-10-16,0.0083891338,0.0139441471,-0.0180741556
2013-10-17,-0.0021425154,0.007180936200000001,-0.0020914789000000002
2013-10-18,0.0049870948,0.0066377433,0.0023966432
2013-10-21,0.0025229179000000003,1.79679e-05,0.0162160086
2013-10-22,-0.0003551807,0.0055672464,-0.0083542718
2013-10-23,-0.0061158149000000005,-0.0049758746,-0.0124736007
2013-10-24,0.0023503282,0.0035291664,-0.0086482622
2013-10-25,0.0003414782,0.0040454628,-0.0144805795
2013-10-28,0.0020709274,0.0007666515,0.0004318464
2013-10-29,0.0035731048,0.0052680188000000005,-0.0022973658000000003
2013-10-30,-0.0012823414000000001,-0.0051180215,0.0148621402
2013-10-31,0.0074773414,-0.0033354515000000003,-0.0087628874
2013-11-01,0.004430542,0.0027465251,0.0037320875
2013-11-04,0.0019406484,0.0038390982,3.95999e-05
2013-11-05,8.194220000000001e-05,-0.0027208078000000003,0.0035278495
2013-11-06,0.0019440306,0.0038417985,-0.008169939000000001
2013-11-07,-0.0009069013,-0.013803157600000001,-0.0047986994
2013-11-08,0.0069201063,0.0131871122,-0.0109397768
2013-11-11,-0.0013301705,0.0010176661,0.0016103747000000002
2013-11-12,-0.0033964526,-0.0020733272,0.008293909
2013-11-13,0.0043064404,0.0088029592,-0.0182682274
2013-11-14,0.0032454791,0.0049291927000000004,0.00601881
2013-11-15,0.0041783778,0.0042663159,0.0168150125
2013-11-18,-0.0025978953,-0.0046203866,0.0287998006
2013-11-19,-0.0038773786,-0.0025284566,-0.001878908
2013-11-20,0.0014033844,-0.0035709343,0.0061471076
2013-11-21,0.0030978706,0.0086241027,-0.00038957440000000004
2013-11-22,-0.0004411862,0.0050185504,-0.0042549406
2013-11-25,0.0018832253,-0.0015019734000000001,-0.0046864344
2013-11-26,-0.0049635444,0.0005882277,-0.0013886651000000001
2013-11-27,0.0008485282,0.0027782031,0.008258073000000001
2013-11-29,-0.0014069982,-0.0008080683,0.0004833796
2013-12-02,-0.0001106529,-0.0024533444000000002,-0.0058425394
2013-12-03,-0.0071564215,-0.0031860645,0.006878706300000001
2013-12-04,-0.0031283163,-0.0008049427,0.0130822505
2013-12-05,-0.010950183700000001,-0.0037429850000000003,-0.0020983819
2013-12-06,0.0064965633,0.0105784687,-0.0044129305
2013-12-09,0.0007788328,0.0019369795,0.0004773727
2013-12-10,-0.005798728,-0.0028267923,-0.0003170865
2013-12-11,-0.009738476000000001,-0.0117108967,-0.0148982715
2013-12-12,-0.0045675287,-0.0027621262000000002,-0.0006011468
2013-12-13,0.0009085357,0.0005197563,-0.0030934096000000003
2013-12-16,0.0046910350000000005,0.0063028807,-0.0160414182
2013-12-17,-0.0016474332,-0.0026573384,-0.0045382523
2013-12-18,0.0107454162,0.0159781276,-0.0013048516
2013-12-19,0.0099993236,-0.0009971593,-0.009585802000000001
2013-12-20,0.0048345861000000006,0.0055248191,-0.0202774114
2013-12-23,0.0039589144,0.0056620467,0.0023822794
2013-12-24,0.0042089912000000005,0.0032022446,0.0015042462
2013-12-27,0.0012869140000000001,-0.0002310736,0.0135977193
2013-12-30,-0.0012044034,0.0001063294,-0.0017962253000000001
2013-12-31,0.0054189981,0.0041456688,0.0088291408
2014-01-02,-0.0004168495,-0.0087137137,-0.0031280384000000002
2014-01-03,0.0041117037,2.2406e-06,-0.012439073600000001
2014-01-06,-0.0050857955,-0.0028215592,-0.0179234447
2014-01-07,0.0063274916,0.0064393552,0.0007654745
2014-01-08,0.0024161093,0.00037471600000000004,-0.0014720461000000001
2014-01-09,-0.0012124754,0.00038711510000000003,-0.0082265573
2014-01-10,-0.0007995581,0.0028609871,-0.007051292000000001
2014-01-13,-0.0039863678000000005,-0.012567452000000002,-0.001841907
2014-01-14,0.0008764370000000001,0.011106102500000001,0.0085907432
2014-01-15,0.0118142413,0.0051564349,-0.0017452466
2014-01-16,-0.0009952617000000001,-0.0011608561,0.0001714342
2014-01-17,0.0021152333,-0.00384886,-0.0092894304
2014-01-21,0.002761017,0.0029344864,0.008577269700000001
2014-01-22,3.59454e-05,0.0011838762,0.0216610786
2014-01-23,-0.014981488800000001,-0.0086982608,-0.0046904341
2014-01-24,-0.0196685909,-0.021337446000000003,0.005995138200000001
2014-01-27,-0.0077943963,-0.0053970914,-0.0102899375
2014-01-28,0.0046894109000000005,0.0068391116,0.0026225295
2014-01-29,-0.0026212809,-0.010140986900000001,0.0055814019000000005
2014-01-30,0.0077497323,0.0117800166,-0.008215856300000001
2014-02-07,0.0106801108,0.0131031068,0.0056307127
2014-02-10,0.0011452113,0.0018093511,0.0203907091
2014-02-11,0.008712888200000001,0.0108891451,0.0084979793
2014-02-12,0.009013255500000001,0.0008077797,0.0030021648
2014-02-13,-0.0025615952,0.0063031568,-0.0054493142
2014-02-14,0.0026999482000000003,0.0046130205,0.0083989201
2014-02-18,0.0008236941000000001,0.0021775497,-0.0076640253
2014-02-19,-0.0031679678,-0.006457572500000001,0.0111276867
2014-02-20,0.0032144918,0.0065667191,-0.0017740078
2014-02-21,0.00040060590000000004,-0.0014956318000000001,-0.011759943200000001
2014-02-24,0.0065514807,0.006182521000000001,-0.017493533000000002
2014-02-25,0.000527945,-0.0011718067,-0.0204063796
2014-02-26,0.0020600674,0.000522622,0.0034922609
2014-02-27,0.0012262859,0.0051074579,0.0030224572
2014-02-28,-0.0049855911,0.0024153734,0.0043568769
2014-03-03,-0.0093767203,-0.0072366239,0.009180691500000001
2014-03-04,0.0158245938,0.015252163800000001,-0.0018338232000000001
2014-03-05,0.0013815136,-6.47367e-05,-0.0089454814
2014-03-06,-0.0026874326000000002,0.001696507,0.0031831182
2014-03-07,-0.0042868674,0.0003612916,-0.0007760121
2014-03-10,-0.0040592329,-0.0010145376,-0.028592801900000003
2014-03-11,-0.0013586893,-0.0050871131,0.0010325643
2014-03-12,-0.0065986196,0.0008343659,-0.0017203587
2014-03-13,-0.0096084111,-0.0116757636,0.0107138695
2014-03-14,-0.0066182321,-0.0020500072,-0.0073240281
2014-03-17,0.007719352400000001,0.0091543561,0.0096647989
2014-03-18,0.0080811222,0.007533951400000001,0.0007339586
2014-03-19,-0.0040960654,-0.006192833,-0.0016994747
2014-03-20,0.006393890100000001,0.0054796528,-0.0139610697
2014-03-21,-0.0005483989,-0.0030043758,0.0273226165
2014-03-24,-0.004352438,-0.0053932301,0.009078723300000001
2014-03-25,0.0063845424,0.0038650993,0.0004695387
2014-03-26,-0.0008687464,-0.0075687675,-0.0017574719000000001
2014-03-27,0.0036607485000000003,-0.0016127857,-0.0082989916
2014-03-28,0.0042588508,0.004810408600000001,-0.0023961103
2014-03-31,0.0051903643,0.0086996882,-0.0040990446
2014-04-01,0.0049834133000000004,0.0076216885,0.006949926800000001
2014-04-02,0.0041835483,0.0029568363,0.0056550726
2014-04-03,0.0024296823,-0.0018223423000000001,-0.0074277428000000005
2014-04-04,-0.0030725144000000003,-0.012991793500000001,0.0074038763
2014-04-08,-0.0015439541,0.0044165206,0.0192291277
2014-04-09,0.0046319825,0.0113426444,0.0032913348
2014-04-10,-0.014901428000000001,-0.0211723906,0.0138284793
2014-04-11,-0.0112314949,-0.0098961793,-0.0017675359
2014-04-14,0.0085397275,0.0076567906,0.0004773746
2014-04-15,0.0006915121000000001,0.0066066027,-0.0140916698
2014-04-16,0.0126738613,0.010846858800000001,0.0016947242000000002
2014-04-17,0.0012267698,0.0015718775000000001,-0.0029884029
2014-04-22,0.0102668202,0.0047715443000000005,0.0033811134
2014-04-23,-0.0035955992,-0.0022904323,-0.0026283632
2014-04-24,0.0018222219,0.001498318,-0.0050237793000000005
2014-04-25,-0.0071823801,-0.0087925209,-0.0099915403
2014-04-28,0.0004200159,0.0023611762,-0.016205983
2014-04-29,0.0077452442,0.0050778819,0.0083988984
2014-04-30,-0.0001651367,0.0034058235000000003,0.0029476952000000002
2014-05-05,-0.0001363219,0.0019020849000000002,0.0005034852
2014-05-06,-0.007240397000000001,-0.0089294727,0.0003349382
2014-05-07,0.0009757279,0.0055942563,-0.008856429800000001
2014-05-08,0.0065350986,-0.0016993919,0.0025817007
2014-05-09,0.0057179245,0.0017138014,-0.0020456713
2014-05-12,0.0070477583,0.0101647053,0.0207755394
2014-05-13,0.005695140400000001,0.0002575071,-0.0010100743
2014-05-14,-0.0014579827,-0.0046843077,-0.0013903554000000002
2014-05-15,-0.0078365668,-0.0089618538,-0.0112363659
2014-05-16,0.0014004792000000001,0.0036833535,0.0007339623
2014-05-19,0.0002201539,0.0042035293,-0.0105186948
2014-05-20,-0.0024345752,-0.0068425513,0.0014719136
2014-05-21,0.007478014000000001,0.008074452900000001,0.0083916896
2014-05-22,0.0044493806,0.0027821117,-0.0018496471
2014-05-23,0.0052381086,0.0044672269,0.0065721485000000005
2014-05-27,0.005396575000000001,0.0059900861,-0.0033688750000000003
2014-05-28,0.0007846568000000001,-0.0010456270000000001,0.0077384071000000006
2014-05-29,0.002886314,0.0054320053,-0.0046987766
2014-05-30,-0.0010307803000000001,0.0013843564000000001,-0.0006187954
2014-06-03,-0.0017444186000000002,-0.00031089160000000003,-0.00042162220000000004
2014-06-04,0.0012639089,0.0023183726,-0.0066267864
2014-06-05,0.0050151075,0.0067573487000000005,0.0079091755
2014-06-06,0.0035966532,0.0047768191,-0.0053756723
2014-06-09,0.0042060664,0.0009871531,0.00027280530000000004
2014-06-10,0.0031124432,-0.0004610063,0.0108711829
2014-06-11,-0.0012763517,-0.0032830429,0.001182867
2014-06-12,-0.0044255909,-0.0067276486,-0.0015537579
2014-06-13,0.0024445537,0.0031976188,0.0092918544
2014-06-16,-0.003296868,0.0008036283,0.0074076558
2014-06-17,0.002849879,0.0026652826,-0.0092476233
2014-06-18,0.0031756384000000003,0.0074473803000000005,-0.0054129828000000005
2014-06-19,0.0021059748,0.0014475104,-0.0154982242
2014-06-20,0.0033827068,0.0018327099000000002,0.0014356053
2014-06-23,-0.0020065669,-9.664580000000001e-05,-0.0011239350000000002
2014-06-24,-0.0050637367,-0.006590836,0.004762732
2014-06-25,-0.0025720390000000004,0.0050136982000000005,-0.0041386681
2014-06-26,0.0031038743,-0.0009742446000000001,0.0064888344
2014-06-27,-0.0017749549000000001,0.0023022786000000003,-0.0010863521
2014-06-30,-0.0022413055,0.0003256991,0.0058142011
2014-07-01,0.0076063801,0.006951126,0.000992705
2014-07-02,0.0030426238,2.7185e-06,0.0044119942
2014-07-03,0.0073233842000000006,0.005308879900000001,0.0018438591
2014-07-07,-0.0054727901,-0.0047316955,0.0002486726
2014-07-08,-0.0086349155,-0.0073197694,0.001977434
2014-07-09,0.0003736794,0.004664519000000001,-0.012327295200000001
2014-07-10,-0.0037354659,-0.0040889335,-0.0001631364
2014-07-11,0.0010771696,0.0013226897,0.0042365221
2014-07-14,0.0043105115,0.0047939549,0.0096407881
2014-07-15,0.0010645440000000002,-0.0023181448,0.0018074522
2014-07-16,0.0084734966,0.003850698,-0.0014780353
2014-07-17,-0.007824621,-0.011610453500000001,-0.0056692836
2014-07-18,0.0054628903,0.0105639105,0.0016874826000000001
2014-07-21,-0.0030634009000000003,-0.0022894168,-0.0022380689
2014-07-22,0.0101367548,0.0050982138,0.010237996000000001
2014-07-23,0.0023131230000000003,0.0018371479,0.0014648218
2014-07-24,0.0007938075000000001,0.0005690261000000001,0.0128102869
2014-07-25,-0.0017262500000000001,-0.0048875274,0.0102587013
2014-07-28,-0.0004606665,-6.66733e-05,0.024176977500000002
2014-07-29,-3.33302e-05,-0.0043212705,0.0023774675
2014-07-30,0.0001803499,0.0006409989,-0.0008927549
2014-07-31,-0.0146859139,-0.0197931659,0.0093242881
2014-08-01,-0.008601165000000001,-0.0027039336,-0.0074161914
2014-08-04,0.0030081768000000003,0.0070565741,0.0174396676
2014-08-05,-0.0032650571,-0.0091014345,-0.0015412662
2014-08-06,-0.0019352524,-2.7958e-06,-0.0011301251
2014-08-07,-0.0043440725,-0.005069291300000001,-0.0134856659
2014-08-08,-0.0018168493,0.0112639993,0.0031085422000000002
2014-08-11,0.0090729282,0.0033329230000000002,0.013789473
2014-08-12,0.0011273264,-0.0018738354,-0.0014145464
2014-08-14,0.0084556641,0.0045003576,-0.0074274273
2014-08-15,-0.0009339641,0.0001874747,0.009193869700000001
2014-08-18,0.0090429458,0.008883183000000001,0.0056981959
2014-08-19,0.0078810459,0.005017021500000001,0.0026295775000000003
2014-08-20,0.0029172966,0.0025596342,-0.0023070131
2014-08-21,0.0038385676,0.0026773859,-0.0043310681
2014-08-22,0.0007144322,-0.0014961147,0.0046419431
2014-08-25,0.008052201,0.0046940776,-0.0051286732
2014-08-26,0.0018822674,0.0013046743000000001,-0.0099502961
2014-08-27,0.0011651655,0.000181065,0.001059908
2014-08-28,-0.0015822578000000002,-0.001559534,-0.0062282025
2014-08-29,0.0025998009,0.0036792997000000003,0.0097297471
2014-09-02,0.0005928725,8.83126e-05,0.0137083147
2014-09-03,0.0019533666,-0.0008810784,0.0099877371
2014-09-04,0.011255450600000001,-0.0017771157000000001,0.007994142000000001
2014-09-05,0.0016258282,0.0050034211000000006,0.008500462700000001
2014-09-09,-0.0036094812,-0.0067259685,3.35855e-05
2014-09-10,0.00136243,0.0036592517000000003,-0.0035382257
2014-09-11,-0.0011413906000000001,0.0013725924,-0.0028952576000000002
2014-09-12,-0.0039122774,-0.0062710759,0.0087845882
2014-09-15,-0.0015879087,-0.0017665104000000001,0.0030705742
2014-09-16,0.0026226583,0.0074826577,-0.0182074979
2014-09-17,0.0002784073,0.0013138502000000002,0.0049210126
2014-09-18,0.007262465,0.0046497381,0.0034870702
2014-09-19,0.0050637792,-0.0009527058,0.0058591364
2014-09-22,-0.0062850457,-0.0089916501,-0.017009474400000002
2014-09-23,-0.008872796300000001,-0.0058692578,0.008690322
2014-09-24,0.0092897352,0.0076745325,0.014651407200000001
2014-09-25,-0.0073325105,-0.0158868952,0.0006468114
2014-09-26,0.007069176000000001,0.0086953201,0.0011116058
2014-09-29,-0.0025929240000000004,-0.0023565555,0.0042454114
2014-09-30,0.0022062316,-0.0032859244,0.0026006718
2014-10-08,0.0021634631,0.0170992958,0.0080441644
2014-10-09,-0.013720472400000001,-0.020838861400000002,0.0027985625000000003
2014-10-10,-0.0090813591,-0.0124999346,-0.006191584700000001
2014-10-13,-0.0119171643,-0.0167502437,-0.0035832437
2014-10-14,-0.0007746197000000001,0.0023239111,-0.0027633344000000002
2014-10-15,-0.0165856312,-0.0069197584,0.0060143673
2014-10-16,-0.0036372186,0.0014864799,-0.0072338575
2014-10-17,0.0141161774,0.012591611400000001,-0.0065161535
2014-10-20,0.0071103994,0.0093483293,0.00665273
2014-10-21,0.0191692205,0.0202526473,-0.0072329569
2014-10-22,0.0033269549000000003,-0.0077435582,-0.0056137607
2014-10-23,0.008798403100000001,0.0124632643,-0.0103778802
2014-10-24,0.0032211295000000003,0.006881585700000001,-6.80365e-05
2014-10-27,-0.0036967487,-0.0016502586000000001,-0.0051387666000000005
2014-10-28,0.0074605397,0.0123273141,0.020731675800000002
2014-10-29,0.00024204360000000001,-0.0016788096,0.0150782415
2014-10-30,0.0127598069,0.006013243200000001,0.007632442400000001
2014-10-31,0.0187402892,0.0118899903,0.0122080989
2014-11-03,-0.0019270389000000001,0.0001429329,0.0040460288
2014-11-04,-0.0064971964,-0.0033878034,0.000285381
2014-11-05,0.011487713200000001,0.005281373000000001,-0.0046910780000000004
2014-11-06,0.0048285669,0.0045643319,0.0027555115
2014-11-07,0.0014340615,0.0005679534,-0.0031703663
2014-11-10,0.0023740555,0.0031641957,0.0230253014
2014-11-11,0.0026567877,0.0007217609,-0.0015862441000000001
2014-11-12,-0.0049494747,-0.00012557870000000002,0.010036292700000001
2014-11-13,0.0013377129,0.0002248951,-0.0035541195000000003
2014-11-14,0.00021958100000000002,0.0004496554,-0.0027262326
2014-11-17,0.0003323405,0.0004093831,-0.0019927961000000003
2014-11-18,0.0022691941,0.0055372061,-0.0071573407000000006
2014-11-19,-0.0028331978000000002,-0.0016807588000000001,-0.0022106579000000003
2014-11-20,0.00026969900000000003,0.0023706390000000003,0.0006787331
2014-11-21,0.0171682343,0.0052803303,0.0139400841
2014-11-24,-0.00025274630000000003,0.0032130036,0.018544583
2014-11-25,-0.0021704065,-0.0008485744000000001,0.0136526621
2014-11-26,-0.00024724240000000003,0.0028426367,0.0143718662
2014-11-28,-0.0012152934,-0.0028009919,0.020000806700000002
2014-12-01,-0.0059229709,-0.0077476928,-0.000959236
2014-12-02,0.0093009145,0.0060089162000000005,0.031194859800000002
2014-12-03,0.008753462600000001,0.0045083103,0.0057827283000000005
2014-12-04,-0.0107767648,-0.0010743751,0.043264462600000005
2014-12-05,0.0125535768,0.0017520151,0.013276745900000001
2014-12-08,-0.0058669071,-0.0073315452,0.0282019838
2014-12-09,-0.0135986469,-3.12181e-05,-0.0544148069
2014-12-10,-0.0126305457,-0.0165617275,0.0293206735
2014-12-11,0.0030769037,0.0047756114,-0.0049232562
2014-12-12,-0.0199228429,-0.0157983019,0.0042610849
2014-12-15,-0.0090118344,-0.0065285628,0.0051765448
2014-12-16,-0.0063423991,-0.0082564145,0.023139077100000002
2014-12-17,0.018739153300000002,0.0206516562,0.013153749000000001
2014-12-18,0.0296493377,0.023554329500000002,-0.001183074
2014-12-19,0.007615551000000001,0.0046748258,0.0167487433
2014-12-22,0.0041818978,0.0038395215,0.0061831198
2014-12-23,0.0067549361,0.0019333634000000001,-0.030371136200000003
2014-12-24,0.0004379802,0.0001620387,-0.0199212367
2014-12-29,0.0041164274,0.0013050630000000002,0.0033496626
2014-12-30,-0.0046505995,-0.0046606373,-0.0007031233
2014-12-31,-0.0011680822,-0.0099640627,0.021781981000000002
2015-01-05,-0.0112652285,-0.0179815759,0.0358922779
2015-01-06,-0.0087278506,-0.0089550251,0.0002902267
2015-01-07,0.0143503315,0.0119213724,0.0067242455
2015-01-08,0.0201947393,0.0177224754,-0.0239212346
2015-01-09,-0.009298733,-0.008275068,-0.0024464918
2015-01-12,-0.0024900429,-0.0077521615,-0.01708733
2015-01-13,0.004289626600000001,-0.0021130349,0.0018422583000000001
2015-01-14,-0.0080720948,-0.0057949231,-0.0039878529
2015-01-15,0.015904681400000002,-0.0094014414,0.035478868000000004
2015-01-16,0.0147995594,0.013363982100000001,0.01203396
2015-01-20,0.007481607800000001,0.0012496313,0.0181953855
2015-01-21,0.0040994594,0.0050146689,0.0475614579
2015-01-22,0.024190516500000002,0.0155222207,0.0059369492000000005
2015-01-23,0.0134270146,-0.0051023201,0.0025300260000000003
2015-01-26,0.0020034976,0.0037094616,0.0093901225
2015-01-27,-0.0161371968,-0.0125872237,-0.0089530483
2015-01-28,-0.0037545068,-0.0134878654,-0.0141188198
2015-01-29,0.0030253437,0.009272279500000001,-0.0131709765
2015-01-30,-0.004981127100000001,-0.012890920600000001,-0.0159611529
2015-02-02,0.0043420022,0.0124069724,-0.0256498997
2015-02-03,0.0023973809,0.0145894257,0.0245601488
2015-02-04,0.0028159393,-0.0036093728000000003,-0.0096337674
2015-02-05,0.006405417500000001,0.010689254700000001,-0.0118912733
2015-02-06,0.0034550953,-0.0031439385,-0.0193747109
2015-02-09,-0.0030014726,-0.0043911922,0.006267151
2015-02-10,0.0076853739,0.0104794623,0.015042373900000001
2015-02-11,-0.0006764824,0.0004228366,0.0051319903
2015-02-12,0.005990422400000001,0.0099772057,0.0049873308
2015-02-13,0.0035942137,0.0044154119,0.0096045488
2015-02-17,0.0016308840000000002,0.0016120399,0.0076368166000000005
2015-02-25,-0.0007936682,-0.00024621100000000003,-0.005547198000000001
2015-02-26,0.0111913931,-0.0014863790000000001,0.0215805329
2015-02-27,-0.0009372461,-0.0032036723,0.0036166899
2015-03-02,0.0038065081,0.006306136800000001,0.0078668976
2015-03-03,-0.0033004545,-0.0042651332,-0.021981203600000002
2015-03-04,0.0062326028000000006,-0.0042821446,0.0050413541
2015-03-05,0.005429275000000001,0.0014335093,-0.0095033201
2015-03-06,0.0034017250000000004,-0.0138282509,-0.0022537394
2015-03-09,0.0011531993,0.0038684328,0.0189417417
2015-03-10,-0.0037382480000000004,-0.016367393100000002,-0.0049795152
2015-03-11,0.0116475217,-0.0008212978000000001,0.0014733619000000002
2015-03-12,0.006846759,0.0126890717,0.0178004645
2015-03-13,0.0042566609000000005,-0.0058489436,0.0070458479
2015-03-16,0.0060282575,0.0130951937,0.022690317
2015-03-17,-0.0043016978,-0.0025602265000000003,0.015602893000000001
2015-03-18,0.0062218104000000005,0.011943096200000001,0.0213030851
2015-03-19,0.0005710844,-0.004423436,0.0013875519
2015-03-20,-0.0025632245,0.0088418433,0.009799077
2015-03-23,-0.010060811900000001,-0.0018975435,0.0195024578
2015-03-24,-0.0011297544,-0.0058040936,0.0009963913
2015-03-25,-0.0158509704,-0.0147481064,-0.0083321121
2015-03-26,-0.0006521623000000001,-0.0022600702,0.0058568867
2015-03-27,0.0033912639,0.0030369898,0.002432463
2015-03-30,0.0126238665,0.0123665812,0.0259285138
2015-03-31,-0.0010002632,-0.008176221000000001,-0.010226197900000001
2015-04-01,-0.0033357926,-0.0038846935,0.0166949575
2015-04-02,-0.0047005451,0.0036848954000000002,0.0040620741
2015-04-07,0.0105876072,-0.0023877822000000003,0.0252865427
2015-04-08,0.0083793392,0.0033547258,0.0084643788
2015-04-09,0.013762544000000002,0.0039627065000000005,-0.0093821215
2015-04-10,0.009173887300000001,0.0049069771,0.0191782926
2015-04-13,0.0009121066000000001,-0.0043988037,0.021437627900000002
2015-04-14,-0.0068524345,0.0014533803,0.0032780121000000003
2015-04-15,0.0098830753,0.0051169645000000005,-0.012495756700000001
2015-04-16,-0.0066747881000000005,-0.0006676691,0.0271273294
2015-04-17,-0.0165972559,-0.01138858,0.022170985100000002
2015-04-20,0.0077216065,0.0089321678,-0.0162917021
2015-04-21,0.0034393321000000003,-0.0010840578,0.0181111358
2015-04-22,0.0043164954,0.004892347,0.024409471300000003
2015-04-23,-0.0040523436,0.0026641226000000003,0.0036479584000000003
2015-04-24,-0.0013357959,0.0016124835,-0.0047367508
2015-04-27,-0.0003549602,-0.0044599753,0.0305074158
2015-04-28,-0.0078427229,0.0023999327000000003,-0.0112697907
2015-04-29,-0.0193417879,-0.0037358337000000003,3.16589e-05
2015-04-30,-0.0145187395,-0.0102740825,-0.0078769951
2015-05-04,0.0075168661,0.0029430312,0.008751189900000001
2015-05-05,-0.0117461422,-0.0119348241,-0.0406463596
2015-05-06,-0.0144165161,-0.0036447937,-0.0162061733
2015-05-07,0.006684004,0.0041129338,-0.0276935526
2015-05-08,0.0186516049,0.0129128791,0.022811634
2015-05-11,0.0034664237,-0.0045260694,0.030314254500000002
2015-05-12,-0.0105486238,-0.0027485816,0.015595265300000001
2015-05-13,-0.0057777076,-4.34636e-05,-0.0058220768
2015-05-14,0.0051056957,0.0106408211,0.0005402885
2015-05-15,-0.0028881222,0.0010703451000000001,-0.016169004900000002
2015-05-18,0.0078942843,0.0035157956,-0.006014115600000001
2015-05-19,0.0185494234,-0.0006378972000000001,0.0313847754
2015-05-20,0.0022613489,-0.0007662163,0.006433859
2015-05-21,0.0020264907,0.0024290422000000002,0.0186873543
2015-05-22,0.0048996625000000005,-0.0020667168,0.028438491200000002
2015-05-26,-0.0009696489,-0.010132641500000001,0.0201548467
2015-05-27,0.0089278299,0.0090189486,0.0063085756000000005
2015-05-28,-0.0048874347,-0.0011294258000000001,-0.065107025
2015-05-29,-0.0107121587,-0.0060818354,-0.0019440403
2015-06-01,0.0056648936,0.0020910441000000003,0.047019387600000004
2015-06-02,-0.0183954842,-0.0008051621,0.0168952991
2015-06-03,-0.0079513812,0.0025106795,-8.509e-05
2015-06-04,-0.0093439028,-0.008524786000000001,0.007602541000000001
2015-06-05,0.0063454985,-0.0007886767,0.0154402042
2015-06-08,-0.012819620700000001,-0.0065462569,0.021849472
2015-06-09,-0.0040340946,0.00021685010000000002,-0.0035660017000000003
2015-06-10,0.009206027700000001,0.0118154683,-0.0015447128
2015-06-11,0.0079999461,0.0024284891000000003,0.0030335628
2015-06-12,-0.0079632131,-0.0066308809,0.0087432403
2015-06-15,-0.0063009117,-0.0046894033000000005,-0.0199757362
2015-06-16,0.0052876733,0.0055996702,-0.0347437619
2015-06-17,-0.0009774485,0.0019588482,0.0165536617
2015-06-18,-0.0044757966,0.009914990700000001,-0.0368315998
2015-06-19,0.0036325726,-0.0049022958,-0.0642623601
2015-06-23,0.019189410100000002,0.0008019062,0.022026148500000002
2015-06-24,-0.0056394646000000005,-0.0077349063,0.024905236600000002
2015-06-25,-0.0027694601,-0.0029088301000000003,-0.034574939
2015-06-26,0.001899333,-0.0002250446,-0.0739030583
2015-06-29,-0.0224827026,-0.0209016653,-0.0333425829
2015-06-30,-0.00021185410000000002,0.0030545437,0.055219720400000005
2015-07-01,0.010551481100000001,0.006770403800000001,-0.0522873445
2015-07-02,-0.0002204396,-0.0003487776,-0.034759753000000004
2015-07-06,-0.0064454987,-0.0036899692,0.0244469392
2015-07-07,0.0099287859,0.005961356,-0.012652187
2015-07-08,-0.021841145000000003,-0.0165388347,-0.0589614459
2015-07-09,0.0081909307,0.0023303401000000002,0.0575855854
2015-07-10,0.0033738008,0.0121710406,0.0453079624
2015-07-13,0.0237270119,0.010931702500000001,0.0237108324
2015-07-14,0.0069398296,0.0046478016,-0.011545631
2015-07-15,0.0035881290000000002,-0.0013203699000000001,-0.030114398900000002
2015-07-16,0.0126758791,0.007628750300000001,0.0044689840000000005
2015-07-17,0.0034062037000000002,0.0005331652,0.035018235
2015-07-20,2.0688000000000003e-05,0.0005899409,0.0088299947
2015-07-21,-0.0085175096,-0.0045097169,0.0064244402
2015-07-22,-0.0025704399,-0.0020016411000000002,0.0020906719
2015-07-23,-0.0095779145,-0.0054609456,0.024307183200000002
2015-07-24,-0.008227331400000001,-0.0103707114,-0.012845615900000001
2015-07-27,-0.0192625854,-0.0064323207,-0.0848429453
2015-07-28,0.0132510052,0.0124233789,-0.01702745
2015-07-29,0.0081127447,0.0076904367,0.034499959600000005
2015-07-30,0.0092667695,0.00045285970000000003,-0.022002783300000002
2015-07-31,-0.0074535532,-0.0017943732,-0.0113232284
2015-08-03,0.0046411939,-0.0028836877,-0.0109872619
2015-08-04,0.0,-0.0019604692,0.0368215522
2015-08-05,0.0108724327,0.0034308012000000003,-0.016502641800000002
2015-08-06,-0.0093642039,-0.0079132235,-0.0089371396
2015-08-07,-0.0054390757000000005,-0.0026806956,0.022563960100000002
2015-08-10,0.0071402126,0.0128626352,0.0492095346
2015-08-11,-0.015523632,-0.0092706624,-0.000117695
2015-08-12,-0.0169311984,0.0009349746000000001,-0.0106023751
2015-08-13,0.0058603288,-0.0009896509,0.017557392
2015-08-14,0.0029076981000000003,0.0039884354,0.0027228927
2015-08-17,0.006476286800000001,0.005897526,0.0071630269
2015-08-18,0.0012077728,-0.0026799930000000003,-0.0614465664
2015-08-19,-0.0123625626,-0.0083802211,0.0122114096
2015-08-20,-0.0289099193,-0.0217494173,-0.034260767000000004
2015-08-21,-0.0368723355,-0.0307593908,-0.0427419417
2015-08-24,-0.0584863247,-0.039485813200000004,-0.08487521370000001
2015-08-25,0.011023274100000001,-0.0128461417,-0.076274802
2015-08-26,0.0207195066,0.0374708709,-0.012776198400000001
2015-08-27,0.0377370834,0.024666797100000002,0.0534017678
2015-08-28,0.0044416616,0.001476649,0.0482217416
2015-08-31,-0.006002613600000001,-0.0083028517,-0.0080834653
2015-09-01,-0.0314342316,-0.0291403527,-0.0121622771
2015-09-02,0.011479947800000001,0.0181637244,-0.0019672021
2015-09-08,0.0146036497,0.0249162817,0.0291447667
2015-09-09,0.0035476412000000003,-0.0135378591,0.0229203976
2015-09-10,-0.0067698319,0.0049574816,-0.0139406753
2015-09-11,-0.0045710649,0.0048005605,0.0006479931000000001
2015-09-14,-0.0045512757,-0.0039952972,-0.0265463363
2015-09-15,0.009625317500000001,0.0125547138,-0.0352810348
2015-09-16,0.0100974289,0.0088084041,0.048889647
2015-09-17,-0.0019911834000000002,-0.0019161374,-0.0210006877
2015-09-18,-0.018302915,-0.0158805058,0.0038076262000000002
2015-09-21,0.0150080768,0.0040690023,0.0188930369
2015-09-22,-0.0116380016,-0.012593774200000001,0.009235636
2015-09-23,-0.0034253010000000004,-0.0023047315,-0.021949603300000002
2015-09-24,-0.018443067,-0.0038097085,0.0086077118
2015-09-25,0.015389589200000001,-0.0010119665,-0.016029559500000002
2015-09-28,-0.0231028947,-0.0262588869,0.0027054932000000003
2015-09-29,-0.0079716136,0.00075106,-0.0202432537
2015-09-30,0.0255425446,0.018867909000000002,0.0048129246
2015-10-08,0.0022011698,0.00873193,0.029685317500000002
2015-10-09,-0.00046779090000000003,0.0009213976,0.012679302
2015-10-12,-0.0010787056,0.000816815,0.0328056357
2015-10-13,-0.0079533313,-0.0070311649,0.0016655313000000001
2015-10-14,-0.0103669318,-0.004774695000000001,-0.009346675300000001
2015-10-15,0.0182448248,0.0148624646,0.0231765731
2015-10-16,0.0056583643000000005,0.0040968512,0.0159414718
2015-10-19,0.0037964468,0.00032624710000000003,-0.0013371988
2015-10-20,-0.004087826,-0.0013822422,0.011405612
2015-10-21,-0.0030074474,-0.0064199153000000005,-0.0304975979
2015-10-22,0.0269657484,0.0155576722,0.014406962700000001
2015-10-23,0.0218822321,0.010388429400000001,0.0129302118
2015-10-26,-0.0022277103,-0.0017886072,0.0050528368
2015-10-27,-0.0051298528,-0.0029952645000000003,0.001376732
2015-10-28,0.0087251559,0.012623790800000001,-0.017222286
2015-10-29,0.0051714485,-0.0008943380000000001,0.0035585338000000003
2015-10-30,-0.007779265400000001,-0.0041915937,-0.0015024708
2015-11-02,0.0059250252000000005,0.0122207359,-0.0170001073
2015-11-03,0.0085243184,0.0024894075,-0.0025339301000000002
2015-11-04,0.0064196074,-0.0029742478,0.0431485536
2015-11-05,-0.0013908354000000001,-0.0010726985000000001,0.0183285031
2015-11-06,0.0075241734000000005,-0.000334945,0.0191029461
2015-11-09,-0.007351461300000001,-0.0095210765,0.0158463267
2015-11-10,0.0044072074,0.0018548609000000001,-0.0017609903000000001
2015-11-11,-0.0019920955,-0.0036187603,0.0026663408
2015-11-12,-0.0138659925,-0.0141277799,-0.004774644000000001
2015-11-13,-0.007859055200000001,-0.010688784100000001,-0.0143888405
2015-11-16,0.0087917827,0.014569013200000001,0.007318144800000001
2015-11-17,0.0120695811,-0.0011941481,-0.0006078902
2015-11-18,0.008925675400000001,0.0162332346,-0.0100658252
2015-11-19,-0.0023926121,-0.0011429796000000001,0.0136078043
2015-11-20,0.0076396628000000005,0.0037529405000000004,0.0037192789
2015-11-23,0.0015289475,-0.0008627183,-0.0055366253
2015-11-24,-0.0034205059,0.0016052123,0.0015964621000000001
2015-11-25,0.004979838800000001,0.0003709089,0.0087602744
2015-11-27,0.00037110020000000004,0.0009643633000000001,-0.054860312700000004
2015-11-30,-0.0003553403,-0.0046732105,0.0025128184
2015-12-01,0.0049235862,0.010453062800000001,0.003166027
2015-12-02,-0.0043741548,-0.010696966300000001,0.023397174700000002
2015-12-03,-0.0356166599,-0.014457721500000001,0.0135658514
2015-12-04,0.005877232400000001,0.019430415200000002,-0.0167361803
2015-12-07,-0.0007323339,-0.0075574687,0.0033696380000000003
2015-12-08,-0.0112526003,-0.0063345492,-0.0189205257
2015-12-09,-0.0118002405,-0.007881733200000001,0.0006286901
2015-12-10,0.0019966355000000002,0.0025237973,-0.0049131453
2015-12-11,-0.0203504764,-0.0192557525,-0.006083742400000001
2015-12-14,-0.0060852394,0.0036524838,0.025100385000000003
2015-12-15,0.018226325300000002,0.0108172389,-0.0029755816
2015-12-16,0.0112985881,0.014569230700000001,0.0016383004
2015-12-17,0.0025528971,-0.0147336186,0.0181815599
2015-12-18,-0.013816254200000001,-0.0170678386,-0.0003073443
2015-12-21,-0.0035538181000000003,0.0075336431,0.0177016848
2015-12-22,0.0022179127,0.0088193818,0.0024549145
2015-12-23,0.020623199800000002,0.012737092700000001,-0.0043241413
2015-12-24,-0.0056168996,-0.0013881548,-0.0065206607
2015-12-28,-0.0033639414,-0.0023225478,-0.025718470900000002
2015-12-29,0.0155736911,0.0104870138,0.0084086088
2015-12-30,-0.0057431134,-0.0071386873,0.002490611
2015-12-31,-0.0033101229000000003,-0.008969019600000001,-0.009467601800000001
2016-01-04,-0.014032577800000001,-0.014842149700000001,-0.0686403756
2016-01-05,0.0075565778,0.0017783952,-0.0026799181
2016-01-06,-0.0146093625,-0.013139269,0.0225982734
2016-01-07,-0.028234716400000002,-0.0240420535,-0.0704368413
2016-01-08,-0.0157908034,-0.0109082138,0.019637351100000002
2016-01-11,0.0024853269000000002,8.281550000000001e-05,-0.053141053300000005
2016-01-12,0.0045394234,0.0071817903,0.0020125015
2016-01-13,-0.012062014000000001,-0.0253765826,-0.024292469900000002
2016-01-14,0.0028441412,0.0159514405,0.0196484916
2016-01-15,-0.0275127932,-0.0212493617,-0.035521815000000005
2016-01-19,0.0024543632000000003,-0.0005917064,0.0322132014
2016-01-20,-0.0191558267,-0.0111648001,-0.0102899366
2016-01-21,0.0101006402,0.004785628,-0.0323009139
2016-01-22,0.0262105301,0.020940712400000002,0.0125248623
2016-01-25,-0.010085725700000001,-0.016134405,0.0075202461
2016-01-26,0.0074465744,0.0148758503,-0.0642920245
2016-01-27,-0.0041563203,-0.011070225500000001,-0.0051940149
2016-01-28,-0.0059342897,0.0044071996,-0.0292613746
2016-01-29,0.030147008000000003,0.0253691649,0.030865943000000003
2016-02-01,-0.0033056801,-9.45269e-05,-0.0178300931
2016-02-02,-0.017878452700000002,-0.019297108,0.0225789793
2016-02-03,-0.0121596366,0.0055053459,-0.0037720583
2016-02-04,-0.0058193836,0.002499317,0.0152534786
2016-02-05,-0.0136158886,-0.019711532400000002,-0.0063420983000000005
2016-02-16,0.0103614152,0.0175773785,0.0329763815
2016-02-17,0.0163557273,0.017087221700000002,0.010854581700000001
2016-02-18,0.0037627484,-0.0044814518,-0.001585975
2016-02-19,-0.0039705629,0.0001306038,-0.0010001025
2016-02-22,0.0197573853,0.0146364662,0.0235124208
2016-02-23,-0.010268916900000001,-0.012112109900000001,-0.0081637136
2016-02-24,-0.0039557417,0.0046914138000000005,0.00881126
2016-02-25,0.0120579363,0.0116962713,-0.06409155450000001
2016-02-26,0.009848660300000001,-0.0008486355,0.009449878200000001
2016-02-29,0.001037387,-0.007475358400000001,-0.0285933594
2016-03-01,0.0183315975,0.023643248500000002,0.0168127605
2016-03-02,0.0112805232,0.0047952642000000005,0.042653793
2016-03-03,-0.0027630749000000002,0.0044595483,0.0035623016
2016-03-04,-0.0008438186000000001,0.0036391049,0.0051036986000000005
2016-03-07,0.0016718306,0.0013875321,0.0080475776
2016-03-08,-0.0144687562,-0.012052394900000001,0.0013963162
2016-03-09,0.0066065545,0.0052008493,-0.0133759194
2016-03-10,-0.0127990905,-0.0002223143,-0.0202638897
2016-03-11,0.0170889463,0.0171814632,0.0019869136
2016-03-14,0.0059132344,-0.0013771587,0.0174910933
2016-03-15,-0.0053611793,-0.0025938008,0.0017166955
2016-03-16,0.0043326496,0.0062287929,0.0021714661
2016-03-17,-0.0081497459,0.0069429673,0.011968883100000001
2016-03-18,0.0038501483,0.0045020359000000005,0.017307692200000002
2016-03-21,0.0017090597,0.0011006349,0.021562198600000002
2016-03-22,0.0032296333,-0.00045511550000000003,-0.0064533458
2016-03-23,-0.0025253819,-0.007276716900000001,0.0035308683
2016-03-24,-0.0046073755,-0.00019389950000000002,-0.0163052612
2016-03-29,0.0074185255,0.0096512618,-0.0128549666
2016-03-30,-0.0046627964000000004,0.0042033162,0.0277210619
2016-03-31,-0.0064957895,-0.0013793516,0.0010917366
2016-04-01,-0.0010867678,0.0060955163,0.0018793961
2016-04-05,-0.0131373793,-0.0099581101,0.014494465900000001
2016-04-06,0.009254879300000001,0.0109993361,-0.00081903
2016-04-07,-0.007015043800000001,-0.0119676289,-0.0138593718
2016-04-08,0.0042060927000000005,0.0030360070000000003,-0.0077989163
2016-04-11,-0.0028582134,-0.002780658,0.0164491531
2016-04-12,0.0129860127,0.0096007447,-0.0034122527
2016-04-13,0.021676309600000002,0.0110075552,0.0142418764
2016-04-14,0.0058994627,3.01512e-05,0.005133520700000001
2016-04-15,-0.0038781597,-0.000630647,-0.0013810868
2016-04-18,-0.0004044944,0.0062569976000000005,-0.0144595511
2016-04-19,0.0064913898000000005,0.0032061542,0.0030304979
2016-04-20,0.0047854347000000005,0.0009270837,-0.023086096
2016-04-21,0.0012615873,-0.0051424406,-0.006637446500000001
2016-04-22,0.0016928183000000001,0.0008084655,0.0021448981
2016-04-25,-0.0042055834,-0.0021141821,-0.0042549756000000005
2016-04-26,-0.0016192485,0.0023866114,0.0061261134
2016-04-27,-8.91752e-05,0.0018681465000000002,-0.0037330476
2016-04-28,-0.0049051314,-0.0093619536,-0.0027402340000000002
2016-04-29,-0.0156783895,-0.0050395699000000006,-0.0024765557
2016-05-03,-0.0098398248,-0.0093062762,0.0185093829
2016-05-04,-0.0062966996,-0.0058118185000000004,-0.0004568957
2016-05-05,0.0066438054,-0.00030013690000000004,0.0022064583000000002
2016-05-06,-0.0007314152,0.0033699699000000003,-0.0282685895
2016-05-09,0.0022823601000000002,0.0007095932000000001,-0.0278930137
2016-05-10,0.012075501,0.012543921000000001,0.0001875795
2016-05-11,-0.0081588596,-0.0090857549,0.0016308498
2016-05-12,0.0008879584,-0.0004473144,-0.00038633410000000004
2016-05-13,0.0009672398,-0.0082629372,-0.0030764012
2016-05-16,0.0049001389,0.0098986909,0.0084089538
2016-05-17,-0.0039203983,-0.008885909800000001,-0.0025222429
2016-05-18,0.0048897816,0.00012115840000000001,-0.0126649113
2016-05-19,-0.0013927022,-0.0038726992000000003,-0.0001252076
2016-05-20,0.0067967576,0.0069133601,0.0066321052
2016-05-23,-0.0008424457000000001,-0.0020538577,0.0064143404
2016-05-24,0.014639168800000001,0.0137339252,-0.007723006
2016-05-25,0.0100779129,0.0071148197,-0.0023431149
2016-05-26,-0.0013030683,-0.0003350475,0.0026391322000000003
2016-05-27,0.007154112000000001,0.0046209942,-0.0005070956
2016-05-31,-0.0008179937000000001,-0.0005920423,0.0333268581
2016-06-01,-0.0046592383,0.0016273860000000002,-0.0010708618
2016-06-02,0.0015125086,0.0034276152000000002,0.0040229796000000005
2016-06-03,-0.0120432123,-0.0031456324,0.0046035076
2016-06-06,0.0014337917,0.0051639331,-0.0015618026000000001
2016-06-07,0.005843946,0.0015110337,0.0006652415000000001
2016-06-08,-0.0004597593,0.0034926884,-0.003043824
2016-06-13,-0.012494940900000001,-0.007778788500000001,-0.0321491543
2016-06-14,-0.0015439591000000002,-0.0019788823,0.0032331431
2016-06-15,5.11109e-05,-0.0012471795000000001,0.0158535708
2016-06-16,0.0042922442,0.0028091875,-0.0049662378
2016-06-17,-0.0038889140000000003,-0.0028489508,0.0042893612
2016-06-20,0.0101381493,0.0062992976,0.0013050118
2016-06-21,0.0089281194,0.0024270061000000002,-0.0035571031000000003
2016-06-22,-0.0015835843,-0.0017769021000000002,0.0093867045
2016-06-23,0.007930479800000001,0.013726263,-0.0046955908
2016-06-24,-0.029765786000000002,-0.0363310151,-0.0130501551
2016-06-27,-0.0103881128,-0.0191263688,0.0145258088
2016-06-28,0.0106010913,0.0183333711,0.0058208975
2016-06-29,0.0174106623,0.0174493834,0.006547883
2016-06-30,0.0107873902,0.0136352199,-0.0006791413000000001
2016-07-01,0.002465393,0.0023605346000000003,0.0009799782000000001
2016-07-05,-0.0065434804,-0.0072505407000000004,0.0059702876000000005
2016-07-06,0.0002956432,0.0056705184,0.0036313927
2016-07-07,0.0019458399,-0.0003786689,-0.0001301913
2016-07-08,0.0142399252,0.015431616700000001,-0.009551494800000001
2016-07-11,0.0076975832,0.0036292221,0.0022932329
2016-07-12,0.0064681382,0.0071020288,0.0182317357
2016-07-13,-0.0005895941000000001,-7.97337e-05,0.0037096849000000003
2016-07-14,0.005142167400000001,0.0049580176000000005,-0.0021722664
2016-07-15,0.0013569955000000001,-0.0008049313,8.073020000000001e-05
2016-07-18,0.0023071381000000003,0.0023854431,-0.0035085579
2016-07-19,0.0020495981,-0.0015214967,-0.002297506
2016-07-20,0.0052259584,0.0046423551,-0.0028771982
2016-07-21,-0.0001118592,-0.0035624517,0.0036647685000000003
2016-07-22,0.0024665051,0.0047412924,-0.0086318084
2016-07-25,-0.0011160178,-0.0029744286,0.0010076743
2016-07-26,0.0001862551,0.0008236022000000001,0.0114090549
2016-07-27,-0.0001489338,-0.0015098805,-0.019074298
2016-07-28,-0.0076500066,0.0020286205000000002,0.0007806611
2016-07-29,-9.644200000000001e-05,0.0019449024,-0.004986738100000001
2016-08-01,-0.0014314896,-0.0014631639,-0.0087055932
2016-08-02,-0.0109958551,-0.0068305368,0.0060670474
2016-08-03,0.0021931663,0.0037917952,0.0024041404
2016-08-04,0.0059531551,0.000498142,0.001322969
2016-08-05,0.011259673100000001,0.0083465808,-0.0019310967
2016-08-08,0.0017092835,-0.0007144794,0.0092818779
2016-08-09,0.0019934192000000002,0.0005667617000000001,0.007137983400000001
2016-08-10,-0.0047428037,-0.002600116,-0.0022942395
2016-08-11,0.0038059701,0.0047085149,-0.0053307588
2016-08-12,0.0005097337,-0.0007077553,0.0160316959
2016-08-15,3.18454e-05,0.0033546778,0.0244456733
2016-08-16,-0.0102804438,-0.0057115832,-0.0048829578000000005
2016-08-17,-0.0007667888000000001,0.0016390464,-0.0001550449
2016-08-18,-0.0017280611000000002,0.0025800062,-0.00176695
2016-08-19,-0.00248906,-0.0012733378,0.0012915535000000001
2016-08-22,0.00031791800000000004,-0.0003058375,-0.007507502100000001
2016-08-23,0.0042024139,0.0022798385,0.001600232
2016-08-24,0.0026020709,-0.0054886794,-0.0012382393
2016-08-25,-0.0051799331,-0.0009892432,-0.0057009629
2016-08-26,-0.0007746346,-0.0017812343000000001,0.0006382138
2016-08-29,0.0098459333,0.005425523000000001,-9.89689e-05
2016-08-30,0.0003891424,-0.001657683,0.0015209929
2016-08-31,-0.0009219087000000001,-0.0021920888000000003,0.0035233991
2016-09-01,-0.00234138,0.0002189756,-0.0072011251000000005
2016-09-02,0.008997449900000001,0.0047364489,0.0013266222
2016-09-06,-0.0030262541,0.0028914184,0.0060589741
2016-09-07,0.0008476453000000001,0.0005399101,0.0003907268
2016-09-08,-0.0044990737,-0.0022998893,0.0012963529
2016-09-09,-0.015142440200000001,-0.0248672351,-0.0055369243
2016-09-12,0.0032661743000000003,0.0144356302,-0.018490088800000002
2016-09-13,-0.0135172221,-0.014836918900000001,0.0004950007
2016-09-14,-0.0020455475,-0.0005495289000000001,-0.0068622522
2016-09-19,0.0024087407,0.0005359968,0.0077482833000000004
2016-09-20,0.0013552888000000001,-4.65606e-05,-0.001007977
2016-09-21,0.0138694708,0.011001421400000001,0.0009498998
2016-09-22,0.0018455876,0.006961216300000001,0.0054368428
2016-09-23,-0.0042577895,-0.0056604312000000006,-0.0027597244
2016-09-26,-0.012619895,-0.008099323700000001,-0.017633932300000002
2016-09-27,0.0094604042,0.0059221958,0.0059621322
2016-09-28,0.0044611813,0.0057915577,-0.0034688823
2016-09-29,-0.0069123442,-0.0093938446,0.0035395008
2016-09-30,0.0023916517,0.0078497616,0.0020738163
2016-10-10,0.0054571332,0.0047542126,0.0144841276
2016-10-11,-0.0020366708000000002,-0.012573711000000001,0.0056244323
2016-10-12,0.0011646606,0.0011925441,-0.0022053388
2016-10-13,-0.0047065324,-0.0030276714,0.0009179809000000001
2016-10-14,0.0048736027,-3.57528e-05,0.0008201513000000001
2016-10-17,-0.0023476182,-0.0028563418,-0.0071733581
2016-10-18,0.0095195311,0.006197735,0.0140003013
2016-10-19,0.0040420843,0.0025520346,0.0002939234
2016-10-20,0.0023532267,-0.0015319049,-9.72232e-05
2016-10-21,0.0032846247,-8.4487e-05,0.0021502047
2016-10-24,0.0015949885,0.0047335272000000005,0.0120365757
2016-10-25,-0.0003928738,-0.0042666615,0.0011715083
2016-10-26,-0.0058115249,-0.0020205909,-0.0049943553
2016-10-27,-0.0032311812,-0.0034581171,-0.0012768468
2016-10-28,-0.0028872474,-0.0026893338,-0.0025787780000000003
2016-10-31,-0.0027577721,0.0004148654,-0.001201727
2016-11-01,-0.011306278500000001,-0.006918954200000001,0.0070820177
2016-11-02,-0.012801702600000001,-0.006916343100000001,-0.006322601000000001
2016-11-03,-0.0008554367,-0.0039718001,0.0084621852
2016-11-04,-0.0068929789,-0.0011977763,-0.0011660043
2016-11-07,0.0228981226,0.0219663312,0.0025701049
2016-11-08,0.0026464857000000003,0.0041594853,0.0046545654
2016-11-09,0.0110615509,0.0115776456,-0.0062046409
2016-11-10,0.010003124300000001,0.0017683204,0.0137171154
2016-11-11,-0.0003303116,-0.0006996384000000001,0.0078032466
2016-11-14,0.0095979362,0.0013931115,0.004494503
2016-11-15,0.0049196349,0.0076014326,-0.0010650781
2016-11-16,0.0032257047,-0.0012335169000000001,-0.0006134429
2016-11-17,0.00516837,0.0050081822,0.0010697885
2016-11-18,0.0038550264000000002,-0.0020991633,-0.0048551485
2016-11-21,0.0028342066,0.0074489610000000005,0.0079389409
2016-11-22,0.0045626524000000005,0.0024294973,0.0093960291
2016-11-23,0.0033050139,0.0012053578,-0.002213931
2016-11-25,0.0006724308000000001,0.0039222394,0.0062515911
2016-11-28,-0.0023495262000000003,-0.0055490731,0.004628873
2016-11-29,-0.0016257857,0.0015239002,0.0018651843
2016-11-30,-0.0011059141,-0.0022774116000000002,-0.0100443604
2016-12-01,-0.0021127047,-0.0037398102,0.0071755279
2016-12-02,-0.0043717683,0.00040163490000000003,-0.0090236725
2016-12-05,-0.0011757459,0.006376563500000001,-0.0120940852
2016-12-06,0.0050972628,0.0040411678,-0.0016032459
2016-12-07,0.009516587,0.013009346500000001,0.0070651444
2016-12-08,0.0165587298,0.0028005706000000003,-0.002139944
2016-12-09,0.0111784844,0.0051543653,0.0054801438
2016-12-12,-0.0065897942000000004,-0.001728273,-0.0247374562
2016-12-13,0.0049393207,0.0062725534,0.0006390603
2016-12-14,-0.006640224100000001,-0.0083441187,-0.004622282
2016-12-15,0.0170405637,0.0038114016,-0.0073078385
2016-12-16,0.0008319631,-0.0015269687,0.001694126
2016-12-19,-7.291430000000001e-05,0.0021315647,-0.0015536356
2016-12-20,0.007048895,0.0039038140000000002,-0.004867322
2016-12-21,-0.0058893298,-0.0025225669000000003,0.0111611135
2016-12-22,-0.0032680058000000003,-0.0022053132,0.0006636754
2016-12-23,0.0003605618,0.0015614613,-0.009372661400000001
2016-12-27,0.0010714094,0.002316963,-0.0025478675000000003
2016-12-28,0.0008756695,-0.008309985,-0.0039771735
2016-12-29,-0.0074609817,-0.0001063227,-0.0019918785
2016-12-30,-0.0061850521,-0.0044200602,0.0024431543
2017-01-03,0.0179352784,0.0084401193,0.010419807100000001
2017-01-04,0.0006382393000000001,0.0071116965,0.0073093849
2017-01-05,-0.006595716200000001,-0.0011284823,0.002098263
2017-01-06,0.0024807137,0.0035856666,-0.0034999202
2017-01-09,-0.0012907092,-0.0036388519,0.0053712168
2017-01-10,-0.0019335861,0.0005196395,-0.0030235537000000002
2017-01-11,0.010752949900000001,0.0028423395,-0.0078901009
2017-01-12,-0.0140916293,-0.0022075205,-0.0055810096
2017-01-13,0.0052364995,0.0022011001,-0.0020728468
2017-01-17,-0.0086460096,-0.0034035471000000003,0.0017109212
2017-01-18,0.0016431872,0.0022218667,0.0013638863
2017-01-19,0.0022968057,-0.0036781526000000003,-0.0037701435000000003
2017-01-20,-0.0025113597,0.0032869507,0.0070361942
2017-01-23,-0.006975058300000001,-0.0025421786,0.0043543008000000005
2017-01-24,0.0037684727,0.0071486035000000005,0.0018419459
2017-01-25,0.009533357400000001,0.0078628139,0.0022306131000000002
2017-01-26,0.0059045156,-0.0008443759000000001,0.0030624689
2017-02-03,0.0074202742,0.0076933862,-0.0060125574
2017-02-06,0.0005617506000000001,-0.0021135656,0.0053616145
2017-02-07,0.0046228948,3.57855e-05,-0.0012402142
2017-02-08,0.0013800007,0.0010869378000000001,0.0044128176000000005
2017-02-09,0.0067497246000000006,0.0062079653,0.0051142401
2017-02-10,0.0079191895,0.0036318573,0.0042481017000000005
2017-02-13,0.0066327141,0.005284547200000001,0.0062944863
2017-02-14,0.0038621486000000003,0.0041993635,0.0003384039
2017-02-15,0.004746516100000001,0.0049833274,-0.0015431802
2017-02-16,-0.0070413248,-0.0008700498000000001,0.0051925752000000006
2017-02-17,0.0038610588,0.0017279685,-0.0085484956
2017-02-21,0.0112428493,0.006152109,0.0041265677
2017-02-22,-0.0007281214,-0.0012434754,0.0024334757000000003
2017-02-23,-0.0023681187,-2.05915e-05,-0.0030308292
2017-02-24,-8.432160000000001e-05,0.0017355786,0.0006461571
2017-02-27,-0.0037364507000000003,0.0016276017,-0.007622982800000001
2017-02-28,-0.0024862881,-0.0031191843,0.0040463853
2017-03-01,0.0159110834,0.0136142021,0.0015878333
2017-03-02,-0.0008069326,-0.0061508432000000005,-0.005200139
2017-03-03,-0.0033419202,0.0007219069,-0.0036307621
2017-03-06,-0.0049505647,-0.0035338175,0.0048309609
2017-03-07,-0.0011840665,-0.0031261134,0.0026548856000000003
2017-03-08,-0.0006935509,-0.0022051589,-0.0005272149
2017-03-09,-0.0015192183,0.0003942877,-0.007393772000000001
2017-03-10,-0.0015920202,0.003327551,-0.0012528501
2017-03-13,0.00127941,0.0008591277,0.0075681462000000005
2017-03-14,-0.0015221027,-0.0033741467,0.000719887
2017-03-15,0.0071890324,0.008749390000000001,0.0007635318000000001
2017-03-16,-0.0038490897000000002,-0.0013677299000000001,0.008372115900000001
2017-03-17,-0.0008863306,-0.0010808237,-0.0096581085
2017-03-20,-0.0022809901,-0.0022625184,0.0041357542
2017-03-21,-0.012202799,-0.013005377,0.0033225322
2017-03-22,-0.0014953258,0.0018908366000000001,-0.0050273773
2017-03-23,0.0029141448000000003,-0.0007780347000000001,0.0010917834
2017-03-24,-0.0010367228,-0.0007273257,0.0064523992
2017-03-27,-0.0077311720000000006,-0.000915806,-0.0007505762
2017-03-28,0.0091922705,0.0073348857,-0.0042967380000000005
2017-03-29,0.0102067492,0.0015142784000000001,-0.0035667401
2017-03-30,0.0032894272000000002,0.0029898367000000003,-0.0095924407
2017-03-31,0.0003658102,-0.0019361133,0.0038283774
2017-04-05,-0.0019433285,-0.0033988335,0.0148014615
2017-04-06,0.0010275371,0.0027857942,0.0032879657
2017-04-07,0.0033934380000000004,-0.0008008577,0.0017142384
2017-04-10,0.0025926083000000003,0.0009969812,-0.005250163
2017-04-11,-0.0018264074,-0.0008766524,0.006008079
2017-04-12,-0.0016943852000000001,-0.0041970706,-0.0046134441
2017-04-13,-0.0056715636,-0.0068766561000000006,0.0006533717
2017-04-18,-0.0045988686,-0.0026396609,-0.0079306748
2017-04-19,-0.0023714705000000003,-0.0012447357,-0.0081404519
2017-04-20,0.0014584645,0.0076056222,0.0004457523
2017-04-21,0.0050876878,-0.0029780842000000003,0.0003281141
2017-04-24,0.0,0.010715461800000001,-0.0137504518
2017-04-25,-0.000329264,0.0060871038,0.0016081243000000002
2017-04-26,0.0049365867,-0.0002551282,0.0019955338
2017-04-27,0.0005431667,0.0007730578,0.0036120866000000002
2017-04-28,-0.0037161380000000003,-0.0024563826,0.0007968044
2017-05-02,0.0039241591000000004,0.0009418836,-0.0034630567
2017-05-03,-0.0021252493,-0.0016190888000000001,-0.0026761847
2017-05-04,-0.0013933142,0.00019642700000000002,-0.0025585482
2017-05-05,0.0015737701,0.0046860057,-0.0077531083
2017-05-08,0.0059426095,-0.00032330120000000003,-0.0078537884
2017-05-09,0.0016878581,-0.0008695170000000001,0.0006203705
2017-05-10,0.003565527,0.0016749527,-0.009008394900000001
2017-05-11,-0.0019897867,-0.0021629969000000002,0.0028653788000000003
2017-05-12,-0.0038806164,-0.0016293666000000001,0.0072208498
2017-05-15,-0.00038724070000000003,0.0050905982,0.0021894753000000003
2017-05-16,-0.006436285900000001,-0.0005992137,0.0073419443
2017-05-17,-0.017118074,-0.0178933267,-0.0027577025
2017-05-18,0.0009367637,0.0036309751000000003,-0.0046140075000000004
2017-05-19,0.0011937334000000001,0.0070365167,0.0001576034
2017-05-22,0.0007965109,0.0052953197,-0.0048138719
2017-05-23,0.0027591449,0.0017183033000000001,-0.0044180198
2017-05-24,0.0045479821,0.0026286644000000003,0.0006954255
2017-05-25,0.0011401268,0.0043103311,0.014282152800000001
2017-05-26,0.0014318523,0.0003689341,0.0007158505
2017-05-31,-0.0047202321,-0.00011057740000000001,0.0022965190000000003
2017-06-01,0.0078538234,0.0084154604,-0.0046253993
2017-06-02,0.0020845607,0.0035922712000000002,0.0009201586
2017-06-05,0.00023953640000000002,-0.0015089317,-0.0044951313
2017-06-06,-0.004112598800000001,-0.0028642974,0.0034004467
2017-06-07,0.0010701086,0.0015875033,0.0122936639
2017-06-08,0.0018317911,0.0005526234,0.0032018149
2017-06-09,0.0028249917,-0.0008693525000000001,0.0025551560000000003
2017-06-12,-0.0036419416000000003,-0.0007489476,-0.005846958
2017-06-13,0.0048972564,0.0051463385,0.0044094662
2017-06-14,-0.0048733902,-0.0011294754000000001,-0.0073208535
2017-06-15,0.003918699,-0.0022463557,0.0005642175000000001
2017-06-16,-0.000674786,0.0001315153,-0.002981238
2017-06-19,0.009453429900000001,0.008337536900000001,0.0067996225000000006
2017-06-20,-0.0032656209,-0.0069203726,-0.0013877274
2017-06-21,-0.0028289136,-0.0007115092,0.0051726655000000005
2017-06-22,-0.0005094806,-0.00021988390000000002,-0.002777292
2017-06-23,-0.0021416014,0.0020066437,0.0033219975000000003
2017-06-26,0.0011199835000000001,0.0006307947,0.0087293558
2017-06-27,-0.0123341213,-0.008275504500000001,0.0018015102000000002
2017-06-28,0.0004596682,0.0092024393,-0.0056431287000000005
2017-06-29,-0.0113691342,-0.008567990900000001,0.0046851567
2017-06-30,0.000172451,0.0016585101,0.0013717463
2017-07-03,0.0054088719,0.0025748107,0.0010916764000000001
2017-07-05,0.0027574843000000003,0.0011567397,0.0076440998
2017-07-06,-0.0120112751,-0.0095353368,0.0016524205
2017-07-07,0.0030333521,0.0066767271,0.0017180293000000001
2017-07-10,0.0022668999,0.000667348,-0.0016527997
2017-07-11,-0.003452431,-0.0003966709,-0.0029751557
2017-07-12,0.008876903700000001,0.0073839005,-0.0017200077
2017-07-13,0.0035242752,0.0018591496,0.0064501381
2017-07-14,0.0020521619,0.0045882746,0.0013262718
2017-07-17,-0.0016601239,4.9701100000000004e-05,-0.0142289074
2017-07-18,-0.0088971902,0.0004498719,0.0034808225000000003
2017-07-19,0.009870938000000001,0.005784703,0.013617383700000001
2017-07-20,-0.0073556559,-0.0001419946,0.004308744000000001
2017-07-21,-0.0043488689,-0.0004301673,-0.0021304018
2017-07-24,-0.0009291188,-0.000625972,0.0038983481000000003
2017-07-25,0.0012368293,0.0031529320000000002,-0.0021207849
2017-07-26,0.0034567949000000003,-1.28297e-05,0.0012274592
2017-07-27,-0.0017606138000000001,-0.0013710189,0.0006379526
2017-07-28,-0.0085748768,-0.0013528534000000001,0.0010401291000000001
2017-07-31,-0.0030228086000000003,-0.0007311356,0.0060843955
2017-08-01,0.0033173274000000003,0.0024294791,0.0060155964
2017-08-02,-0.0037931001000000002,5.80833e-05,-0.0022967107000000002
2017-08-03,-0.0019497327,-0.0018966121,-0.0037029609000000002
2017-08-04,0.0102669517,0.0021072307,-0.003325826
2017-08-07,-0.0016026103,0.0015488518,0.0053390316
2017-08-08,0.0025279226,-0.0023791932,0.0007366236
2017-08-09,-0.0027612392,-0.0007040989,-0.0019405491
2017-08-10,-0.010388077,-0.014307427800000001,-0.0042239356
2017-08-11,-0.0050421393,0.0016050719,-0.016329231
2017-08-14,0.008075058500000001,0.0101300678,0.0089786559
2017-08-15,0.0039761530000000005,-0.0005532381,0.0043122688000000005
2017-08-16,0.004032764,0.0019477225,-0.0014860630000000001
2017-08-17,-0.011771037100000001,-0.015373763200000001,0.0067705322
2017-08-18,-0.0037240385,-0.0018005267,8.49565e-05
2017-08-21,-0.0045822801,0.001126307,0.0055648775
2017-08-22,0.0108097249,0.0099509833,0.0010225811
2017-08-23,-0.005776233600000001,-0.0030675381,-0.0007602901
2017-08-24,-0.0005658619000000001,-0.0017593055,-0.0049344064
2017-08-25,-0.0027674601000000003,0.0018270277,0.018376121500000002
2017-08-28,-0.0059418346,0.0003765959,0.0093461715
2017-08-29,-0.0064254062,0.0007747520000000001,0.0007808618
2017-08-30,0.0104263733,0.0052190464,-0.0005050362
2017-08-31,0.0084208853,0.006244291000000001,-0.0008527785000000001
2017-09-01,0.0039928799,0.0022780855,0.0018848112
2017-09-05,-0.0050145183000000005,-0.0078698585,0.001387189
2017-09-06,0.0009727626,0.0028875735000000002,0.0003047368
2017-09-07,-0.0024906359,-0.00027247210000000004,-0.0058892665
2017-09-08,-0.0008469067,-0.0011767478,-0.0001475357
2017-09-11,0.0118085826,0.0109724981,0.0032945334000000002
2017-09-12,0.0055545335,0.003589407,0.000927691
2017-09-13,0.0022779745,0.0005765226,0.0013675846
2017-09-14,0.0023063839000000003,-0.0007560572,-0.0037586421
2017-09-15,-0.0053548452000000005,0.0020675082,-0.0052712961000000004
2017-09-18,0.0021978399,0.0018765051000000001,0.0027535061
2017-09-19,0.0009714481,0.0009684113000000001,-0.0017974626
2017-09-20,-0.00024983300000000003,0.0009639251000000001,0.0027139358
2017-09-21,0.0017973252,-0.0029830203,-0.0024370945
2017-09-22,-0.0016502367,0.0008051493,-0.0015699034
2017-09-25,0.0057948657,-0.0021267654,-0.0032529583
2017-09-26,0.0055320724,0.000103573,0.0006001086
2017-09-27,0.0056822234,0.0041976836,0.0004741382
2017-09-28,-0.0020171772000000003,0.0014680374,-0.0016900564
2017-09-29,0.0010508402,0.0036354185000000002,0.0027709722
2017-10-09,-0.0007548823,-0.0019155482,0.0076053759
2017-10-10,-0.0021730919,0.0022630605,0.0025584423000000003
2017-10-11,-0.0008318729000000001,0.0017440983,0.0015751290000000002
2017-10-12,-0.0003554774,-0.0014605527,-0.0006115806
2017-10-13,0.0033080512000000003,0.0007995954,0.0013001396
2017-10-16,0.0042251945,0.0016316209000000002,-0.0035347532
2017-10-17,0.0024659366,0.0005386992,-0.0018627099
2017-10-18,-0.0006856137,0.0007779316,0.0029224200000000002
2017-10-19,-0.0051131807,0.0003995308,-0.0034305859
2017-10-20,0.0066258492000000006,0.0052650653,0.0024706119
2017-10-23,0.0012127145,-0.0041582315,0.0006189570000000001
2017-10-24,-0.0008183155000000001,0.0016372630000000001,0.0022454807
2017-10-25,-0.0078936803,-0.0049126064,0.002533572
2017-10-26,0.0102184549,0.0016337287000000001,0.0031343926
2017-10-27,0.014537917400000001,0.0078224807,0.0027462036
2017-10-30,-0.003667721,-0.00334869,-0.0077327163
2017-10-31,-0.0008084075,0.0014204898,0.0008731151000000001
2017-11-01,0.0051560988,0.0012754001000000001,0.0007597672
2017-11-02,-0.0036425648000000003,0.0001797249,-0.0036975948
2017-11-03,0.0056914911,0.0032668443,-0.0034035794
2017-11-06,0.0032312817,0.001569875,0.0048765154
2017-11-07,0.0010494983,-0.0007094409000000001,0.0074962166
2017-11-08,0.0010845497,0.001509848,0.0005455059
2017-11-09,-0.0072405543,-0.0036737259,0.003600775
2017-11-10,-0.0040013914,-0.0003204638,0.0014234817000000001
2017-11-13,-0.0024241028000000003,0.0009989424,0.0044200369
2017-11-14,-0.0091115484,-0.0021765915,-0.005308957
2017-11-15,-0.0093107004,-0.0051949605,-0.007879327
2017-11-16,0.0102653514,0.0086258836,-0.0009625385
2017-11-17,-0.001988833,-0.0018394544,-0.004755727600000001
2017-11-20,0.0041242562,0.0014753542,0.0028083873
2017-11-21,0.0075655132,0.0066637572,0.0053476237
2017-11-22,-0.0036012778000000002,-0.0005798322,0.0058622949
2017-11-24,-0.0049455071000000005,0.0020663201,0.0005555287
2017-11-27,-0.00036987040000000004,-0.0006071121000000001,-0.0094093062
2017-11-28,0.009449013000000001,0.009739149800000001,0.0034229457
2017-11-29,0.0016769376,-0.00031355930000000003,0.0012574256000000002
2017-11-30,-0.0004848116,0.008261822700000001,-0.0062133517000000004
2017-12-01,0.0008786125,-0.0018884619,0.0001209553
2017-12-04,0.0020667378,-0.0012337815,-0.0024061789
2017-12-05,-0.0013597434,-0.0038959422,-0.0017339523
2017-12-06,0.000566524,-0.0004454137,-0.0029565962
2017-12-07,0.0025709525,0.0035980618000000003,-0.0066554006
2017-12-08,0.0081849986,0.0055772377,0.0054743835
2017-12-11,6.32949e-05,0.0029870205,0.009795016
2017-12-12,0.0066407962,0.0011787106000000001,-0.0124849546
2017-12-13,-0.0018399759,-0.00047433900000000005,0.0067899323
2017-12-14,-0.0045409790000000005,-0.0040879549,-0.0032116026000000002
2017-12-15,0.0042545696,0.0090185838,-0.0080130272
2017-12-18,0.0050235439,0.0058087891000000004,0.0005438046
2017-12-19,-0.0033919399,-0.0032839026,0.0087745993
2017-12-20,-0.006416416,-0.0005412716000000001,-0.0027024812
2017-12-21,0.0043654900000000005,0.0020917745,0.0037902002
2017-12-22,0.0016737684,-0.0003029023,-0.0009113925000000001
2017-12-27,-0.0029826746,0.0008744680000000001,-0.0092072491
2017-12-28,-0.0017210246,0.0022263739,0.0062875226000000005
2017-12-29,-0.0072391492,-0.0051193294,0.0032703878000000003
2018-01-02,0.0026367352,0.0082222127,0.0124556515
2018-01-03,0.0060530313,0.0061885681,0.0062196932
2018-01-04,0.0041463109,0.0039517988000000006,0.004922841000000001
2018-01-05,0.0096946199,0.0067262649,0.0017965199
2018-01-08,0.0055342635,0.0019089482,0.0052306055
2018-01-09,0.006069564,0.0014055683000000002,0.0013078485
2018-01-10,-0.0038974525,-0.0012829538000000001,0.0023437526
2018-01-11,-0.0011469155,0.0076037925000000004,0.0010351861
2018-01-12,-0.0021684369,0.006337607,0.0010480808000000001
2018-01-16,0.0011935492,-0.0039328806,0.007651182800000001
2018-01-17,0.0041059166000000005,0.009271478500000001,0.0023532093
2018-01-18,-0.0012493189,-0.0016706509,0.0087476893
2018-01-19,0.0061523414000000005,0.0049318753,0.0037808743
2018-01-22,0.0037738288,0.0080966718,0.0038816030000000004
2018-01-23,0.0008432740000000001,0.0023633003,0.0129495465
2018-01-24,-0.0060076972,-0.0008528699,0.0036475720000000004
2018-01-25,-0.0088252906,0.0004181276,-0.0031542104000000003
2018-01-26,0.011963894400000001,0.0112455134,0.0027713577
2018-01-29,-0.00026844900000000003,-0.006794865000000001,-0.0098929942
2018-01-30,-0.013115663500000001,-0.01070869,-0.0099592962
2018-01-31,-0.0041846677,0.0003897528,-0.0020447162
2018-02-01,-0.0007481095,-0.0002715172,-0.0096796591
2018-02-02,-0.0154181817,-0.0208824667,0.0043650345
2018-02-05,-0.0294157383,-0.040102127,0.007365750900000001
2018-02-06,0.0024958949,0.016574176,-0.0335096551
2018-02-07,0.0058684868,-0.0044947687,-0.0182520108
2018-02-08,-0.0228067435,-0.0370382748,-0.014298367800000001
2018-02-09,0.002951903,0.0146181969,-0.0405553242
2018-02-12,0.009660391,0.0137219552,0.0077364320000000006
2018-02-13,-0.0041281401,0.0028440270000000003,0.0097839785
2018-02-14,0.0078513867,0.014028264700000001,0.0044608162
2018-02-22,-0.0003602809,0.0006998683000000001,0.021727647000000003
2018-02-23,0.0128932678,0.0157198914,0.006268677
2018-02-26,0.0096677647,0.0112017197,0.0123431349
2018-02-27,-0.0043967718,-0.0125760242,-0.0112750659
2018-02-28,-0.0067716771,-0.0106200801,-0.009944751600000001
2018-03-01,-0.0115886326,-0.012395074800000001,0.0044027372
2018-03-02,-0.011118817000000001,0.0057009938,-0.005882547100000001
2018-03-05,0.0064050589,0.0110315822,0.0007569384
2018-03-06,-0.0002415627,0.0032091862000000002,0.0100463769
2018-03-07,-0.0009757775,-6.45344e-05,-0.0054652077
2018-03-08,0.0107718962,0.0043543191,0.0051216944000000006
2018-03-09,0.011664880300000001,0.016882765100000002,0.0057023608
2018-03-12,0.0025335451,-0.0008810358,0.0058721756000000005
2018-03-13,-0.0103624592,-0.0061993456,-0.0049481222
2018-03-14,-0.0015908164,-0.0052838731,-0.0057053976
2018-03-15,0.0029111489,-0.0010542646,-7.54251e-05
2018-03-16,0.0037864333,0.0020604203,-0.0064493296
2018-03-19,-0.0145410758,-0.0137938255,0.0028907857
2018-03-20,0.004966374,0.0015618408000000002,0.0034794181
2018-03-21,-0.0006447869,-0.0013098337,-0.0029392512
2018-03-22,-0.0195957343,-0.0249347758,-0.005348654
2018-03-23,-0.0216232948,-0.0205784015,-0.033946951100000004
2018-03-26,0.0087732427,0.026520654600000002,-0.0060661124
2018-03-27,-0.001738474,-0.017256851900000002,0.0105090922
2018-03-28,0.0004867006,-0.0026982319,-0.0140302616
2018-03-29,0.0127183508,0.0137371837,0.0122634779
2018-04-03,-0.0059708802000000005,0.012433495000000001,-0.0084040764
2018-04-04,0.0038418539,0.0114123683,-0.0017595933000000002
2018-04-09,0.0002831765,0.0031718836,0.0023024822000000003
2018-04-10,0.0104037902,0.0167364275,0.0166189282
2018-04-11,-0.0064347858,-0.0050739066,0.0055757443
2018-04-12,0.009442165,0.0079686539,-0.0087235521
2018-04-13,-0.0015085344,-0.0030548086,-0.0066595409
2018-04-16,0.0020749904000000002,0.0082355007,-0.0153368118
2018-04-17,0.009325357900000001,0.0106634424,-0.0141144821
2018-04-18,0.0010188886000000001,0.0011171551000000001,0.008045683500000001
2018-04-19,-0.0025147381,-0.005584675000000001,0.0084138996
2018-04-20,-0.0005355577,-0.0081788877,-0.0147148012
2018-04-23,0.0034324269,-0.0001197171,-0.0011347344
2018-04-24,-0.0063948347,-0.0129708284,0.0198721159
2018-04-25,0.0010934778,0.0015056001,-0.0035063627
2018-04-26,0.0125340665,0.010093475900000001,-0.013786967
2018-04-27,0.0030124337,0.0009654006,0.0023382572
2018-05-02,-0.0005722863,-0.006859048800000001,-0.0003191219
2018-05-03,-0.0015722459,-0.0021826025000000002,0.0063962207
2018-05-04,0.0102951096,0.0131156698,-0.0031715798
2018-05-07,0.0050411081,0.0038899753,0.0147687375
2018-05-08,0.0042178703,3.88967e-05,0.0079329632
2018-05-09,0.0065703436,0.0095087846,-0.0007429555000000001
2018-05-10,0.0047315187,0.0091448588,0.0048358239
2018-05-11,-0.0007590831000000001,0.0018304346000000001,-0.0035161402
2018-05-14,-0.0001413403,0.0007548987000000001,0.0034168339
2018-05-15,0.0013958882000000001,-0.0064842789,0.005715540900000001
2018-05-16,0.0078257785,0.0043818489000000006,-0.0070798653
2018-05-17,0.0011204927,-0.0003540567,-0.004819858000000001
2018-05-18,6.55829e-05,-0.0022212273,0.012392511600000001
2018-05-21,0.0061950399,0.0074474894,0.0064373879
2018-05-22,-0.0024940691000000003,-0.0034131967,0.0001604245
2018-05-23,0.0030927015,0.0030841927,-0.0141359116
2018-05-24,-0.0039298959,-0.0017559324000000001,-0.0045253722
2018-05-25,0.0028293538,-0.0020740493000000002,-0.0042312954000000005
2018-05-29,-0.0064653678,-0.0107759223,-0.0046749343
2018-05-30,0.0036886132,0.0128075748,-0.025329393000000002
2018-05-31,-0.0084081181,-0.0067259586,0.0178158832
2018-06-01,0.0082290715,0.0106067604,-0.0065482049
2018-06-04,0.0034538028,0.004812973,0.0052222065
2018-06-05,0.001067775,0.0010608425,0.0074311394
2018-06-06,-0.0013831019,0.008649426,0.0003127146
2018-06-07,-0.0030436085,-0.0006165005,-0.0018266326000000001
2018-06-08,0.0050431365,0.0033043313000000003,-0.0136482831
2018-06-11,-0.0003293627,0.0009997565,-0.0046819017
2018-06-12,0.0022540237,0.0020145729,0.0088542631
2018-06-13,-0.0010812073000000001,-0.0041558167,-0.009756172700000001
2018-06-14,0.011416875600000001,0.0028188301,-0.0018503085000000001
2018-06-15,-0.0009331365,-0.0008160574,-0.0072954531
2018-06-19,-0.0027616750000000003,-0.0040934363,-0.0377061611
2018-06-20,0.0017599710000000001,0.0021677365,0.0027021729
2018-06-21,-0.0076734272,-0.0065611993,-0.0136907359
2018-06-22,0.0014753871000000001,0.0018282722,0.0048272292
2018-06-25,-0.0175355738,-0.014173239700000001,-0.0105463854
2018-06-26,0.0029989724,0.0023267066,-0.0051992186000000004
2018-06-27,0.0003121963,-0.009052585200000001,-0.0110434594
2018-06-28,0.0029495984,0.0064258405,-0.009367938000000001
2018-06-29,-0.0034186086000000003,0.0008609607,0.0217088504
2018-07-02,0.0018998342,0.0030403258000000002,-0.0252751015
2018-07-03,-0.0034589032000000002,-0.0045135109,0.0040872561000000005
2018-07-05,0.0014485027,0.0087233521,-0.009150593700000001
2018-07-06,0.0036928434,0.0087207799,0.0048969085
2018-07-09,0.0082301024,0.009049986500000001,0.0247375591
2018-07-10,0.0052827281,0.0031477261,0.0044501693
2018-07-11,-0.0087423618,-0.0070046188,-0.017630770900000002
2018-07-12,0.0097916549,0.0085670762,0.021563445
2018-07-13,0.0035056665000000003,0.0008685851,-0.0022915588000000002
2018-07-16,-0.0039107371000000005,-0.0014842067,-0.006053909200000001
2018-07-17,0.0045307695,0.0042506641,-0.0056632714
2018-07-18,0.0054648568,0.0023198184,-0.0038800221
2018-07-19,-0.0009493346,-0.0033922072,-0.0052758136
2018-07-20,-0.0057656254,-0.0012631256000000001,0.020509058400000002
2018-07-23,0.000154943,0.0015503318000000001,0.0107115401
2018-07-24,0.0052084887000000005,0.0032397606,0.0161074369
2018-07-25,0.0075880527,0.008894548300000001,-0.0006670764
2018-07-26,0.0017339363,-0.0024188346,-0.0073953506
2018-07-27,-0.001599457,-0.0071597512,-0.0030080402
2018-07-30,-0.008638963900000001,-0.006241051300000001,-0.0015749969
2018-07-31,0.0028289933000000002,0.0053591208000000005,0.0025659698000000002
2018-08-01,0.0008720053,-0.0009317352,-0.018074722
2018-08-02,0.0041168181,0.0058863944,-0.0200165656
2018-08-03,0.0054567612,0.0042368237000000005,-0.009976370200000001
2018-08-06,0.0034812568,0.0039407858,-0.0128644701
2018-08-07,0.0015723205,0.0029812002000000003,0.0274549241
2018-08-08,-0.0012163198,-0.00044513310000000004,-0.0127216081
2018-08-09,0.0021196058,-0.0008531083,0.018348847300000002
2018-08-10,0.0011984055,-0.0064562173,0.00032462210000000003
2018-08-13,-0.004582089100000001,-0.0041412458,-0.0033818742
2018-08-14,0.008611451000000001,0.0065150406,-0.0017754403
2018-08-15,-0.0044760741000000005,-0.0077505944000000005,-0.0207770364
2018-08-16,0.0004244036,0.0081534102,-0.006637785
2018-08-17,0.0017515395,0.0033849054000000003,-0.013413768900000001
2018-08-20,0.0012620179000000001,0.0025944886,0.0110843999
2018-08-21,-0.0043969432000000004,0.0026496907,0.013110949600000001
2018-08-22,-0.0046182965,-0.0001156788,-0.0070417822
2018-08-23,-0.0010226408,-0.0017396690000000001,0.0036900501000000003
2018-08-24,0.0011674634,0.0063551972,0.0017804485
2018-08-27,0.0048207754,0.0075683679,0.018874526200000002
2018-08-28,-0.0023420806,0.0004533046,-0.0010541153
2018-08-29,0.0054621741,0.0056179968,-0.0031280098
2018-08-30,-0.0008886849,-0.0042908527,-0.0114202126
2018-08-31,-0.0005076483,0.0005048307,-0.0045726387
2018-09-04,0.0013564077,-0.0013576997,0.0109785974
2018-09-05,-0.0107443007,-0.0032784444000000003,-0.0168375884
2018-09-06,-0.0040315401,-0.0034171497,-0.0047140849
2018-09-07,0.000923644,-0.002204077,0.0039877814
2018-09-10,0.0005996020000000001,0.0021535053,-0.0121454852
2018-09-11,0.003960909,0.0036131767000000003,-0.0017492881000000001
2018-09-12,-0.0010370869,0.00041944620000000004,-0.00325734
2018-09-13,0.0005424097,0.0053790402,0.0114758224
2018-09-14,0.0027317121,0.0007282931,-0.0018341378
2018-09-17,-0.0045447021,-0.0062478428,-0.0111456212
2018-09-18,0.0046121664,0.0053563058,0.0181853538
2018-09-19,0.0051907352,0.0006496458000000001,0.0114519392
2018-09-20,0.0010084161,0.0077345942,-0.0005804171
2018-09-21,0.0015069028000000001,-0.0005660946,0.0250369116
2018-09-25,0.0011927541000000001,-0.0009142959000000001,-0.005846969400000001
2018-09-26,0.0018016914000000001,-0.0036532747,0.0092425354
2018-09-27,0.0055215422,0.0028887025,-0.0053749413
2018-09-28,0.0029963936,0.0001990577,0.010609734800000001
2018-10-08,-0.0006372917,-0.0010825189,-0.037197766300000004
2018-10-09,-0.0021562426000000003,-0.0014594766000000001,0.0016485638
2018-10-10,-0.027516301700000002,-0.0327218496,0.0017722573
2018-10-11,-0.0235610469,-0.0202105165,-0.0522423282
2018-10-12,0.0087574824,0.0140330908,0.0090927202
2018-10-15,-0.0064825625000000005,-0.0052255212,-0.014908152400000001
2018-10-16,0.0179665584,0.0218050777,-0.0083998367
2018-10-17,0.0040835908,-0.0005200355,0.0059997905
2018-10-18,-0.0081599844,-0.014454348700000001,-0.0293614807
2018-10-19,-0.0018476154,-0.0011625308,0.0257642694
2018-10-22,-0.0018771856000000002,-0.0042544817,0.0409197793
2018-10-23,-0.0091457414,-0.0055125521,-0.022640755000000002
2018-10-24,-0.0158736206,-0.031172847400000002,0.0032640767
2018-10-25,0.0091009854,0.018526428600000002,0.0002054066
2018-10-26,-0.010921310600000001,-0.0169144366,-0.0019142898
2018-10-29,-0.004354743,-0.0067028169,-0.0218581084
2018-10-30,0.012809923,0.015904901200000002,0.0102022425
2018-10-31,0.015477817100000001,0.0113692377,0.013520234300000001
2018-11-01,0.0033442321,0.0116293512,0.0013354148
2018-11-02,0.0003849182,-0.0060815311,0.026988543900000002
2018-11-05,-0.0004153768,0.0049028482000000005,-0.0041456384
2018-11-06,0.0034162537,0.0061357477,-0.0022855967000000002
2018-11-07,0.0116044883,0.0207819355,-0.0067756924
2018-11-08,0.0037964974,-0.0024487524,-0.0021655039
2018-11-09,-0.0026187338,-0.0092640593,-0.013966835200000001
2018-11-12,-0.007485139500000001,-0.019693089400000002,0.0121842257
2018-11-13,-0.0037209222000000003,-0.0011501427,0.0092568392
2018-11-14,-0.0078570931,-0.0073957693000000005,-0.0085604736
2018-11-15,0.0043348033000000005,0.0111403465,0.013644437300000001
2018-11-16,-0.0040364680000000005,0.0022507679,0.0040801999
2018-11-19,-0.0153998658,-0.0172181604,0.0091358188
2018-11-20,-0.012451108800000001,-0.0176841477,-0.0213311983
2018-11-21,0.0051469892,0.0040793128,0.0021258035
2018-11-23,0.0015413894000000001,-0.0059462648,-0.0249335239
2018-11-26,0.012154740800000001,0.0157343603,-0.0014179779
2018-11-27,0.00502693,0.0020941373,-0.0004522721
2018-11-28,0.015693435500000002,0.0231549074,0.0105154211
2018-11-29,-0.0067918203,-0.0017990096,-0.0132065776
2018-11-30,0.0087751461,0.0083472285,0.0080902538
2018-12-03,0.0101031991,0.011078936900000001,0.0257622216
2018-12-04,-0.023655766300000002,-0.0324694452,0.0042050511
2018-12-06,-0.0126336799,-0.0008085559000000001,-0.016866070400000002
2018-12-07,-0.0130410122,-0.0232255388,0.0002675963
2018-12-10,-0.0057016865,0.0012856010000000001,-0.0081723299
2018-12-11,0.0054476653000000005,-0.000555508,0.0036801014
2018-12-12,0.0074594661,0.0055983205,0.0031107578000000003
2018-12-13,0.0011007576,-0.0008719894,0.0122650225
2018-12-14,-0.0116058331,-0.0183555078,-0.015317683300000001
2018-12-17,-0.017249868,-0.0212368936,0.0016458027
2018-12-18,-0.0057846734,0.0001845951,-0.008219204800000001
2018-12-19,-0.012589343000000001,-0.015301143000000001,-0.0105369689
2018-12-20,-0.0155220193,-0.0159331224,-0.0052253454
2018-12-21,-0.0143324974,-0.0207216157,-0.0078811099
2018-12-24,-0.0166943945,-0.0268685504,0.0042773647
2018-12-27,0.0323624452,0.0083876607,-0.006097133
2018-12-28,0.0022838469000000003,-0.0008097551,0.0043576087000000005
2019-01-02,0.0048977149,0.0007032204,-0.011492008500000001
2019-01-03,-0.0171974899,-0.0238445155,-0.00036410900000000005
2019-01-04,0.0249204615,0.0343729766,0.0205081711
2019-01-07,0.004090601,0.0078881064,0.007232498800000001
2019-01-08,0.009968293100000001,0.01020108,-0.0026110736
2019-01-09,0.0022174433,0.0049336646,0.0070875875
2019-01-10,0.0024240347,0.004741671,-0.0036371621000000002
2019-01-11,0.0037352075,-7.25104e-05,0.0074025163
2019-01-14,-0.0036298762000000003,-0.0053494362,-0.0070862844
2019-01-15,0.0107181043,0.0105079297,0.013652301300000001
2019-01-16,0.0049073248000000005,0.002722369,3.7117100000000004e-05
2019-01-17,0.0057913139,0.0077936829000000004,-0.0042057455
2019-01-18,0.013757141300000001,0.013088509000000002,0.0142412314
2019-01-22,-0.0096162351,-0.0141736562,-0.0118267152
2019-01-23,-0.0013506744,0.0018540979000000002,0.0005071965
2019-01-24,0.0038828429,0.0021112153,0.0041625196
2019-01-25,0.0052908899,0.0090342238,0.0038910219
2019-01-28,-0.0095055098,-0.007293511000000001,-0.0018351991
2019-01-29,0.002253619,-0.0014124561000000001,-0.0010406325
2019-01-30,0.0093427029,0.0154198615,-0.007203709000000001
2019-01-31,0.0046768293,0.0087397406,0.0035185942
2019-02-01,0.0011152744,0.0016936695,0.0130237684
2019-02-11,0.0051036908,0.0010913732,0.0136332176
2019-02-12,0.0094121871,0.0128565286,0.006793237000000001
2019-02-13,0.005133793,0.0030245678,0.018426826
2019-02-14,-0.0009255331,-0.002113956,-0.0005088326000000001
2019-02-15,0.0102331845,0.010764591700000001,-0.013745510300000001
2019-02-19,-0.0009005106000000001,0.0015543489,0.0004679857
2019-02-20,0.0025424089,0.0017821514,0.0020306393
2019-02-21,-0.0023875356000000003,-0.0034658585000000002,-0.0034236262
2019-02-22,0.0051860826,0.0067287804,0.0190748497
2019-02-25,0.001814222,0.0014356126000000002,0.056037793600000003
2019-02-26,-0.0007767187,-0.0011863293,-0.0066809833
2019-02-27,-0.0018841621,0.0002567808,0.0042069455
2019-02-28,-0.0031998104,-0.0026668810000000003,-0.0043541788000000005
2019-03-01,0.0049084957,0.0067947211000000006,0.018064323
2019-03-04,0.0031902192000000003,-0.0043630589,0.0112094395
2019-03-05,-0.0001052991,-0.0012446721,0.0087923933
2019-03-06,-0.005038038,-0.006975954800000001,0.0156935466
2019-03-07,-0.0001439894,-0.0077194094,0.0013912059
2019-03-08,-0.0054241546,-0.0020524624000000003,-0.0439865068
2019-03-11,0.0121038985,0.014711277600000001,0.0192419928
2019-03-12,-0.0002229878,0.0030079737,0.0110275563
2019-03-13,0.0026717802,0.0068074729,-0.0108979783
2019-03-14,0.0011245531,-0.0005813575000000001,-0.011981882400000001
2019-03-15,0.0041035563,0.0047075157000000005,0.0103776669
2019-03-18,0.0033269604,0.0038528001,0.0247631612
2019-03-19,0.0005200706000000001,-0.00042798740000000004,-0.0017544617000000001
2019-03-20,-0.0045242998,-0.0031908669,-0.00010505120000000001
2019-03-21,0.006687859500000001,0.0113463182,0.0034845991
2019-03-22,-0.0080501681,-0.0196255343,0.0008588817000000001
2019-03-25,-0.0074210419000000005,-0.0008690977,-0.019715828
2019-03-26,0.0115645919,0.0073673539,-0.0150951967
2019-03-27,-0.0004999167,-0.0046451236,0.0085664179
2019-03-28,0.0021050438000000003,0.0041939278,-0.0092106779
2019-03-29,0.0069299723,0.0067427322000000005,0.0320334617
2019-04-01,0.011942777100000001,0.011739325,0.0257629742
2019-04-02,0.002718789,-1.1164400000000001e-05,0.0020417997
2019-04-03,0.0020152018,0.0024697431,0.0124212147
2019-04-04,0.0008654616000000001,0.0018618956000000001,0.009439755900000001
2019-04-08,-0.0020524571,0.0010651971,-0.0005439773000000001
2019-04-09,-0.005062592800000001,-0.0060470957,-0.0015800933
2019-04-10,0.0041057464000000005,0.0041563269,0.0007096948
2019-04-11,-0.0020343684,0.00022839450000000002,-0.0160432406
2019-04-12,0.0017536579000000001,0.006766601200000001,-0.0004250244
2019-04-15,0.001693765,-0.000682091,-0.0034073598000000003
2019-04-16,0.0016422026000000001,0.0003277286,0.0238852068
2019-04-17,-0.0012873596,-0.0029058748,0.0029255088
2019-04-18,0.0047303483,0.0015240302,-0.0039761374
2019-04-23,0.0097751277,0.009243153300000001,-0.0051166161000000005
2019-04-24,-0.0019177617,-0.0019521376,0.0009312495
2019-04-25,0.0040189821,-0.0008657079,-0.0243279414
2019-04-26,0.0022207072000000002,0.0050338249,-0.012014842900000001
2019-04-29,0.0006245177,0.0011577375,-0.0077433286
2019-04-30,-0.0013198959,0.000935575,0.0051723031
2019-05-06,-0.0054205065,-0.0041444744000000006,-0.0558494709
2019-05-07,-0.0133774318,-0.0167148357,0.0068561676
2019-05-08,-0.0030332693,-0.0015767267,-0.0111522992
2019-05-09,-0.008099896,-0.0025108533,-0.0148285021
2019-05-10,0.0023261338,0.003933357,0.0309944703
2019-05-13,-0.0180511134,-0.0247737115,-0.0120784842
2019-05-14,0.008708786500000001,0.0086582356,-0.0069284498
2019-05-15,0.005935897900000001,0.0060089574,0.019115894
2019-05-16,0.0104156415,0.0092361161,0.005809444
2019-05-17,-0.0023538985000000003,-0.0062622191,-0.0248512902
2019-05-20,-0.0056869551,-0.0070142894,-0.0040381889
2019-05-21,0.0045616669000000006,0.008979561,0.0123199478
2019-05-22,-0.0001384698,-0.0031564443,-0.0049087412
2019-05-23,-0.0106106551,-0.0122685493,-0.0135541956
2019-05-24,-0.0008645874,0.0017488396,0.0001874787
2019-05-28,-0.0037880601000000002,-0.008280085500000001,0.0060806057
2019-05-29,-0.0066345879,-0.0068905813,0.0016405599
2019-05-30,0.0024396215,0.0020847844000000003,-0.0030366163
2019-05-31,-0.010908232,-0.012536449600000001,-0.0024446438
2019-06-03,-0.0054324856,-0.0026348027,-0.0029380146000000003
2019-06-04,0.0127240619,0.021905964400000002,-0.0096263106
2019-06-05,0.006708672200000001,0.0081569154,-0.0003069077
2019-06-06,0.0022447478,0.0060227001,-0.0117615659
2019-06-10,0.0059454251,0.004918749300000001,0.0086163822
2019-06-11,0.0022499847000000003,-0.0005268951,0.0257956973
2019-06-12,-0.0028834383,-0.0019669836,-0.005583544
2019-06-13,0.0053022702000000005,0.0045227874000000005,0.0004562117
2019-06-14,0.0016350344,-0.0019836288,-0.0099027114
2019-06-17,-0.0003443359,0.0010966925,0.0019678844
2019-06-18,0.012836513300000001,0.0098802546,0.0008827837000000001
2019-06-19,0.0025083613000000003,0.0032484404,0.0095702793
2019-06-20,0.0034000025000000002,0.009265150100000001,0.023792118100000002
2019-06-21,-0.0051463354,-0.0017239384,0.0049445151000000005
2019-06-24,-0.0057205908000000005,-0.0023964656,0.0020577375
2019-06-25,-0.005745463,-0.0094800015,-0.008683816300000001
2019-06-26,-0.0020704116,-0.0012233388,-0.0019338273
2019-06-27,0.0048140629,0.004841181,0.0068969944
2019-06-28,0.0037626278,0.0062407367,-0.0059927044
2019-07-01,0.0121173734,0.0076740315,0.022179558300000003
2019-07-02,0.0055971485,0.0026654409,-0.00031983040000000003
2019-07-03,0.0079700308,0.0080720376,-0.009431774300000001
2019-07-05,0.0007552346,-0.0014198657,0.0019697548
2019-07-08,-0.0042305948,-0.0051122938,-0.0258037614
2019-07-09,0.0003062739,0.0020152091,-0.0017640817
2019-07-10,-0.0005809964,0.0042571451,-0.0043952396
2019-07-11,0.0019520904,0.0020296482000000003,0.0008384095
2019-07-12,0.0032888542,0.0049379797,0.004368374
2019-07-15,-1.16824e-05,0.0001460102,0.0039661436
2019-07-16,0.000550487,-0.0032604218,-0.0015491609
2019-07-17,-0.0045685319000000005,-0.0061529789,-0.0020183111
2019-07-18,0.0005257191,0.0036336891000000003,-0.0104213485
2019-07-19,-0.0014547016,-0.0061007556000000004,0.0079476541
2019-07-22,0.0012251101,0.0027131390000000003,-0.0127400368
2019-07-23,0.0117019963,0.0068492441000000005,0.0045043076
2019-07-24,0.0044547205,0.0054400005,0.0080530198
2019-07-25,-0.0060790927,-0.0056805619000000005,0.0048402754
2019-07-26,0.005953232,0.0076558199,0.0024507175
2019-07-29,-0.0018913131,-0.0020809862,-0.0011996667
2019-07-30,-0.0046990148,-0.0019839648000000002,0.0038629893
2019-07-31,-0.006566100300000001,-0.0105851021,-0.0066808846
2019-08-01,0.0009269436,-0.0093083951,-0.0080801373
2019-08-02,-0.0144890907,-0.0078713957,-0.0140766219
2019-08-05,-0.031228232300000002,-0.029846230300000002,-0.0160983626
2019-08-06,0.0051201236,0.0132024108,-0.015576927
2019-08-07,2.43909e-05,0.0011904522000000001,-0.0032066388
2019-08-08,0.0171180719,0.0193383055,0.0093404804
2019-08-09,-0.004948097,-0.006834799000000001,-0.0070711355
2019-08-12,-0.0095069139,-0.012198770400000001,0.014511366900000001
2019-08-13,0.0101830268,0.0144061004,-0.0062871756
2019-08-14,-0.018065830800000002,-0.0289725569,0.0041667464
2019-08-15,0.0021579555,0.0023413711,0.0024740956
2019-08-16,0.0125237507,0.014892892100000001,0.0028408949
2019-08-19,0.011735311200000001,0.0116767074,0.020992498800000002
2019-08-20,-0.0046388627,-0.0075315879,-0.0010627788
2019-08-21,0.0069486465,0.0083469392,0.00011272490000000001
2019-08-22,-0.0005571496,-0.0005234570000000001,0.0010837073
2019-08-23,-0.018834191400000002,-0.0256880441,0.0048630942
2019-08-26,0.0041435175,0.010657597100000001,-0.011682195000000001
2019-08-27,0.0013620014,-0.0036627450000000002,0.01350036
2019-08-28,0.0053880864,0.0063696693,-0.0029042369
2019-08-29,0.010662339600000001,0.0129792636,-0.0009862812
2019-08-30,0.0078686675,0.0007270911000000001,-0.0016145744
2019-09-03,-0.0036579665,-0.0071589225000000005,0.0020631134000000002
2019-09-04,0.0043299999,0.010891434200000001,0.0093200964
2019-09-05,0.0101927124,0.0131733691,0.0096116918
2019-09-06,0.0019358597,0.0007227290000000001,0.0046034802
2019-09-09,-0.0012880666,-0.0003243108,0.0083659137
2019-09-10,0.00139783,0.0003281212,-0.0011676103
2019-09-11,0.0109124158,0.007635943500000001,-0.0041167997
2019-09-12,0.0005901425,0.0027690126,0.0074776735
2019-09-16,0.0031517865,-0.0022073127,-0.00016374760000000002
2019-09-17,-0.0018619139,0.0026140836,-0.017369500700000002
2019-09-18,-0.0011483204000000001,1.58661e-05,0.0025288546000000003
2019-09-19,0.0021678574,6.06402e-05,0.0045654511
2019-09-20,0.0010122553,-0.0047148571,0.0023869236
2019-09-23,-0.0004443273,1.02255e-05,-0.0097885145
2019-09-24,-0.0049143841,-0.0088986315,0.0027767822000000003
2019-09-25,0.0041298121000000005,0.0063079822,-0.010030568
2019-09-26,0.0012700802,-0.0026046105,-0.0089112364
2019-09-27,-0.0032872144000000002,-0.0056695683,0.0010461171
2019-09-30,0.00604707,0.0052881575000000005,-0.0092294495
2019-10-08,-0.008767851,-0.0159377828,0.0029047268
2019-10-09,0.004123971000000001,0.0094008209,0.0038922544
2019-10-10,0.0027432477,0.0060962834,0.0078359831
2019-10-11,0.0116190126,0.0114599637,0.008817777
2019-10-14,-0.000799861,-0.0014239822000000001,0.0115205553
2019-10-15,0.0087570292,0.009736806300000001,-0.0056010726000000005
2019-10-16,-0.0016675173,-0.0024991173,-0.0041358844
2019-10-17,-0.0030669052,0.0031348955,-0.000435783
2019-10-18,-0.0050263229000000005,-0.0040080845,-0.013166711000000001
2019-10-21,0.0056045010000000004,0.006780905,0.0005067963
2019-10-22,-0.0010270512,-0.0038559077000000002,0.0050166898
2019-10-23,0.0029743212000000003,0.0027123629,-0.004319665800000001
2019-10-24,0.0046630472,0.0026993212000000003,-0.0002401194
2019-10-25,0.0043482455,0.0043054171,0.0047873136
2019-10-28,0.0035440560000000003,0.0056498765000000005,0.0084985838
2019-10-29,-0.0012484879,-0.0008363245,-0.0086800318
2019-10-30,0.0017814046,0.0032909265,-0.0050305979
2019-10-31,-0.0043711055,-0.0033162516000000003,-0.0034843884000000003
2019-11-01,0.0067323483000000005,0.010050698700000001,0.0099584843
2019-11-04,0.0051302845,0.00363299,0.005846584100000001
2019-11-05,0.006160702200000001,-0.0012363975000000001,0.0054019375000000005
2019-11-06,0.0010693596,0.0004191309,-0.0043295982000000005
2019-11-07,0.0052315706,0.0032018622000000003,2.87759e-05
2019-11-08,0.0030772438,0.0029947069,-0.0048834261
2019-11-11,-0.0020228574,-0.0015730805,-0.0182963895
2019-11-12,0.0037203653000000003,0.0015601323,0.0016728114
2019-11-13,-0.0004552065,0.0007186057,-0.00328774
2019-11-14,-0.0004698479,0.0012265483000000002,0.0016000277
2019-11-15,0.0031956526,0.0079168756,-0.0063537066
2019-11-18,-0.0009786294,0.0005453167,0.0061962332
2019-11-19,-7.2045e-06,-9.42246e-05,0.0085235387
2019-11-20,-0.0029035754,-0.0031292748000000003,-0.0078300987
2019-11-21,-0.0029717246,-0.0018823622000000001,-0.0025443123
2019-11-22,0.0053478035000000005,0.0022112922,-0.0063145507
2019-11-25,0.0093156759,0.0080277848,0.00724119
2019-11-26,0.0017838808000000001,0.0024020058000000003,0.0003842213
2019-11-27,0.0048726058,0.0043718822,-0.0013492317
2019-11-29,-0.005655821100000001,-0.0041055759,-0.0060670786
2019-12-02,-0.01073125,-0.0088300561,0.0013457698
2019-12-03,-0.0067231916,-0.006271296700000001,0.0030827482000000002
2019-12-04,0.0049723054,0.0061387481,-0.0022793333000000002
2019-12-05,0.0009381121,0.0015506766,0.0073975426
2019-12-06,0.0116837472,0.0089859373,0.0043183935
2019-12-09,-0.0034248525,-0.0031487692,0.0008357394000000001
2019-12-10,-0.0030319355,-0.0011320636,0.000979056
2019-12-11,0.0026541502,0.002642882,0.0024436920000000003
2019-12-12,0.0031946974,0.008326950100000001,-0.002976223
2019-12-13,0.0034931906,0.0001538835,0.0178384394
2019-12-16,0.0075523743,0.0073395667,0.005633984000000001
2019-12-17,-0.0019097637,0.0003521206,0.012720563300000001
2019-12-18,0.0009292343,-0.00020654510000000002,-0.0017776445
2019-12-19,0.0039446542,0.0046211915,0.0
2019-12-20,0.0068922037,0.0050678497,-0.0040425825
2019-12-23,0.0001936503,0.0008419319000000001,-0.014050733400000001
2019-12-24,0.00040567180000000003,-4.1602e-06,0.0067357094000000005
2019-12-27,-0.0007286862,-0.0001842584,-0.0007711202
2019-12-30,-0.008313934700000001,-0.0055684408,0.0116492203
2019-12-31,0.0002059419,0.0030572704,0.0033277349
2020-01-02,0.009747057,0.0082529757,0.0114863047
2020-01-03,-0.0021080463000000002,-0.0063761194000000005,-0.00046400980000000004
2020-01-06,-0.0021256818,0.0035041341,-0.0001206676
2020-01-07,0.0038403532,-0.0024548042,0.0069301409
2020-01-08,0.0035603858,0.0048935838,-0.0122218499
2020-01-09,0.0072891682000000005,0.0067461025,0.009133573800000001
2020-01-10,-0.0018480889,-0.002721975,-0.0008357027
2020-01-13,0.0023139263,0.0072991461,0.0075646511
2020-01-14,0.001392802,-0.0010466665,-0.0028089677
2020-01-15,-0.0013130418,0.0017995244,-0.005406415800000001
2020-01-16,0.0065798675,0.0084781574,-0.005160896000000001
2020-01-17,0.0080158946,0.0033443780000000003,0.0004439167
2020-01-21,-0.0036552521,-0.0024600077,-0.014100658700000001
2020-01-22,0.0025156009,0.0004827883,0.0028267272000000003
2020-01-23,0.00080373,0.0011960326,-0.0275013702
2020-02-03,0.0056550799,0.0080731121,-0.07719983200000001
2020-02-04,0.0156470531,0.0155056459,0.0133524434
2020-02-05,0.0122204688,0.0098119687,0.0124941279
2020-02-06,0.007400335300000001,0.0031244549,0.0172027857
2020-02-07,-0.0032520439,-0.0052022087000000005,0.0033057682000000002
2020-02-10,0.0069226558,0.007448023000000001,0.0050369309
2020-02-11,0.0041789573,0.0021984963,0.0038792705
2020-02-12,0.0074050186,0.0065109379,0.0086955178
2020-02-13,0.0027058441000000003,-0.0008278264000000001,-0.0071109607
2020-02-14,0.0008782553,0.0021863519,0.0037730272
2020-02-18,-0.0030727470000000002,-0.0024001079,0.0004541675
2020-02-19,0.0069385208,0.0049800814,-0.0032065331
2020-02-20,-0.0057548608,-0.0031698052,0.0183997383
2020-02-21,-0.01111194,-0.0105498608,0.0031397698
2020-02-24,-0.029769212000000003,-0.0331008181,-0.0027783934000000002
2020-02-25,-0.026848223900000003,-0.0305843036,-0.0059940563
2020-02-26,-0.0049100982,-0.0048990688,-0.0083358037
2020-02-27,-0.045597546700000005,-0.0436489492,0.0011464906
2020-02-28,-0.0171113004,-0.0082926875,-0.0371166073
2020-03-02,0.018860485700000002,0.0446154177,0.031464071100000005
2020-03-03,-0.017503593300000002,-0.0273511624,0.0074067957000000005
2020-03-04,0.031729243500000004,0.0412420628,0.0062716055
2020-03-05,-0.0251554971,-0.033553538800000005,0.0199362173
2020-03-06,-0.029997445,-0.0175631987,-0.012121852300000001
2020-03-09,-0.0788799611,-0.07738080110000001,-0.030072673900000003
2020-03-10,0.0335127105,0.0486080248,0.0181984088
2020-03-11,-0.0321707278,-0.0498927075,-0.009438076
2020-03-12,-0.0825338613,-0.0954634394,-0.0151664829
2020-03-13,0.0569044006,0.090729872,-0.012325208300000001
2020-03-16,-0.09833992500000001,-0.12194406760000001,-0.034023128300000004
2020-03-17,0.0555340743,0.0574125349,-0.0034416835000000002
2020-03-18,-0.0380794854,-0.0556701916,-0.0183256363
2020-03-19,0.0191261923,0.0087562035,-0.0097709382
2020-03-20,-0.0227242923,-0.0417993363,0.016107749600000002
2020-03-23,-0.035341283,-0.0287460255,-0.031120897
2020-03-24,0.0827618179,0.09471868530000001,0.023435689000000003
2020-03-25,0.0226975377,0.013819832,0.021742407000000002
2020-03-26,0.031212420900000003,0.0617712916,-0.0059931458
2020-03-27,-0.0268582097,-0.0332969236,0.0026436146
2020-03-30,0.026764655000000002,0.0321320789,-0.0089977179
2020-03-31,-0.0042741941,-0.0156303177,0.0011183975
2020-04-01,-0.0336706647,-0.0450543901,-0.0057455113000000006
2020-04-02,0.0167200761,0.0212152858,0.01688951
2020-04-03,-0.0082384064,-0.0158944786,-0.0059949759
2020-04-07,-0.0011936786,-0.0004703938,0.0205514689
2020-04-08,0.0251491273,0.0353802712,-0.0019180353000000001
2020-04-09,0.0088532207,0.0160863802,0.0037485765
2020-04-14,0.015930809,0.0305377564,0.0158983018
2020-04-15,-0.0169543906,-0.0221814176,-0.0056901356
2020-04-16,0.0072567355,0.0052949329,0.0031396588000000003
2020-04-17,0.023090839300000002,0.0279002123,0.0065912574
2020-04-20,-0.010475314900000001,-0.0172377361,0.0049447546
2020-04-21,-0.028810891300000002,-0.030904501900000002,-0.0089543481
2020-04-22,0.02124593,0.022765242,0.006024570700000001
2020-04-23,0.0032787293000000003,7.10265e-05,-0.0019391418
2020-04-24,0.0076556645,0.0139881389,-0.0105582335
2020-04-27,0.015096639600000001,0.016605087,0.0024970528
2020-04-28,0.0014540871,-0.0047041905,-0.0019385195
2020-04-29,0.0204042535,0.0279092534,0.0044174812
2020-04-30,-0.0167551394,-0.0103340527,0.0133225496
2020-05-06,-0.0008053485000000001,-0.0062622011,0.0063318163
2020-05-07,0.0112070113,0.01299306,-0.0022973008000000002
2020-05-08,0.0089199167,0.0179461191,0.0082967223
2020-05-11,0.0039738697,9.59276e-05,-0.00016476740000000002
2020-05-12,-0.016560298,-0.0209564164,-0.0010217594
2020-05-13,-0.013353115700000001,-0.018613924900000002,0.0022896885
2020-05-14,0.0023106547,0.0118597311,-0.0095887647
2020-05-15,0.003968254,0.0044458896,-0.0006680426
2020-05-18,0.026173662,0.0324403365,0.0023612635
2020-05-19,-0.0109751329,-0.0099792423,0.008049424900000001
2020-05-20,0.0106459834,0.0171664561,-0.0050918985
2020-05-21,-0.0038850196,-0.0068904624,-0.0054851836000000005
2020-05-22,0.0036425359,0.0028491147,-0.0188816696
2020-05-26,0.0071046393,0.0129800564,0.0101231019
2020-05-27,0.010999566,0.0149612015,-0.0034220977
2020-05-28,-0.0011155875,-0.0024522754,0.0033430417
2020-05-29,-0.0058653266,0.0053730973,0.0022056595
2020-06-01,0.0063544153,0.0050235638,0.022101300900000002
2020-06-02,0.0067235016,0.0082453922,0.0020386526
2020-06-03,0.0132269977,0.014536951000000001,0.0006988835
2020-06-04,-0.0120847187,-0.0033466078,-0.0014163384
2020-06-05,0.024469728200000002,0.0257926903,0.0039412478
2020-06-08,0.0105110701,0.0132776631,0.0023730236
2020-06-09,-0.010098068,-0.0088244992,0.006254627400000001
2020-06-10,-0.0033589489,-0.0057718831,-0.0041857559
2020-06-11,-0.0515035971,-0.0590930605,-0.0077651416
2020-06-12,0.0161760517,0.0136659489,-0.00039847790000000004
2020-06-15,-0.0001321307,0.00935241,-0.0101913783
2020-06-16,0.025973686200000002,0.018751718,0.0144425665
2020-06-17,0.0008959639,-0.0035626364000000002,0.0014058295
2020-06-18,-0.0006257678,0.0008855042,0.0011632887
2020-06-19,0.0003260173,-0.0053125771,0.0096303993
2020-06-22,-0.0018695226,0.0063755562,-0.0008004989000000001
2020-06-23,0.0009499636,0.0040188416,0.0018113813
2020-06-24,-0.0196374226,-0.0264127033,0.0030093137000000002
2020-06-29,0.004308457,0.0144045623,-0.0060421634
2020-06-30,0.0127169857,0.0157433323,0.0078119966
2020-07-01,0.0018490391,0.0054207836,0.0138567342
2020-07-02,0.0103999047,0.0049933497,0.0213411621
2020-07-06,0.0103132106,0.0160793661,0.057106199600000004
2020-07-07,-0.0062509662,-0.010580543100000001,0.0037384355
2020-07-08,0.00024074990000000002,0.0085228023,0.0173848567
2020-07-09,-0.0019899983,-0.0051337933,0.0138502464
2020-07-10,0.0056560003,0.0105370033,-0.0195086072
2020-07-13,-0.006426986700000001,-0.0113160459,0.0177338976
2020-07-14,0.0041136873,0.013470608200000001,-0.008314862000000001
2020-07-15,0.0109325331,0.0103950378,-0.015615237
2020-07-16,-0.0057506971,-0.0037471167000000002,-0.0450004528
2020-07-17,0.0029759599,0.0034351878,0.0012320678
2020-07-20,0.0069263227,0.0094747864,0.0311242652
2020-07-21,-0.00028474960000000004,0.0011622905,0.0020352933
2020-07-22,-0.0065144429,0.0059434618,0.0036887571
2020-07-23,-0.008077917,-0.012224653,-0.0024072176
2020-07-24,-0.0096392252,-0.006959968600000001,-0.0386227961
2020-07-27,-0.0042884455,0.008374155900000001,0.0026562687
2020-07-28,-0.0005331196000000001,-0.0069085886,0.0070932626000000006
2020-07-29,0.0040718139,0.0133842014,0.0206420805
2020-07-30,-0.0085139039,-0.0032131518000000003,-0.0023514064
2020-07-31,-0.0023630238,0.0066709304,0.007065098200000001
2020-08-03,0.016270865000000002,0.0082121195,0.0175100809
2020-08-04,0.0042758371,0.0035358395,0.0011161471
2020-08-05,-0.0025310913,0.0068198484,0.0017373206
2020-08-06,0.0049819916,0.005500076400000001,0.0026410771
2020-08-07,0.0029078441,1.45558e-05,-0.009586996300000001
2020-08-10,0.0036777159,0.0017936156000000001,0.007535029600000001
2020-08-11,3.36634e-05,-0.0080501945,-0.0115158647
2020-08-12,0.0100986409,0.0140892637,-0.0063034374
2020-08-13,-0.0028742415,-0.0008440654,0.0004282581
2020-08-14,-0.0017286055,-0.00031638820000000003,0.0118654294
2020-08-17,0.0008001748,0.0041902558,0.0234355764
2020-08-18,-0.002063076,0.0022835589,0.0035732436
2020-08-19,-7.792110000000001e-05,-0.0045378871000000005,-0.0124701859
2020-08-20,0.0025732307,0.0037639381,-0.0129916213
2020-08-21,0.0065129004,0.0030304522,0.0049831249
2020-08-24,0.007494723000000001,0.0094635414,0.0014110462
2020-08-25,0.0016537942000000002,0.0035835911,-0.0035930979000000003
2020-08-26,0.0101209314,0.0103336904,-0.012964855800000001
2020-08-27,0.0011190592,0.0022003686,0.0061091214000000005
2020-08-28,-0.0031624248000000003,0.006854070800000001,0.0160572169
2020-08-31,-0.005406342000000001,-0.0007175816,-0.0024106256
2020-09-01,0.0040437437000000005,0.008414454600000001,0.004400109
2020-09-02,0.0209797058,0.0136385457,-0.0017232225000000001
2020-09-03,-0.0260434491,-0.0360541708,-0.00582601
2020-09-04,-0.0075934633000000005,-0.0085580812,-0.0087522021
2020-09-08,-0.0185555412,-0.028933678600000002,0.0072680984
2020-09-09,0.014671632300000001,0.0205675492,-0.018625980900000002
2020-09-10,-0.015195350600000001,-0.0166677295,-0.0060831707
2020-09-11,0.0036394073,0.00014797710000000002,0.007881308200000001
2020-09-14,0.0086314062,0.0151802965,0.0056715792000000004
2020-09-15,0.0063828190000000005,0.0059715915,0.0051566174
2020-09-16,0.0004182103,-0.0041768369000000005,-0.0035754691
2020-09-17,-0.0063951622,-0.0086650402,-0.004131595
2020-09-18,-0.0103284,-0.0099443119,0.0207145039
2020-09-21,-0.0064133699,-0.0106730182,-0.0063454858
2020-09-22,0.0089129874,0.0099640324,-0.0128583424
2020-09-23,-0.0124758179,-0.0240686048,0.0016464674000000001
2020-09-24,-0.00011311330000000001,0.0023611808,-0.0172460938
2020-09-25,0.0133393828,0.0168712403,-0.0011752446
2020-09-28,0.014955329600000001,0.0163926736,-0.0005691083
2020-09-29,-0.009266793,-0.0045327805,0.0021025584
2020-09-30,0.0033828607,0.0080869329,-0.0019590024
2020-10-09,0.002745968,0.0088166488,0.016797099700000002
2020-10-12,0.0120851162,0.0152976304,0.0264168842
2020-10-13,0.000507359,-0.005235239,0.00038351170000000003
2020-10-14,-0.0055117268,-0.0061676647000000005,-0.0056315621
2020-10-15,-0.0025235770000000004,-0.0012766622,-0.0025761703
2020-10-16,-5.05985e-05,-0.0002718819,0.0012512813
2020-10-19,-0.013603971000000001,-0.0155664637,-0.0071009892
2020-10-20,-0.0026083123,0.0039363628,0.0046517162
2020-10-21,-0.0056665764000000006,-0.0030602703,-0.0009116894000000001
2020-10-22,0.0047196149,0.0057365195,-0.0037792443000000003
2020-10-23,0.0032434798,0.0037061842,-0.010401275500000001
2020-10-26,-0.0148192075,-0.0185077944,-0.0081966309
2020-10-27,-0.0047598991,-0.0030127406,0.0009714123
2020-10-28,-0.0238960592,-0.0343054851,0.0045856007
2020-10-29,0.012397222000000001,0.0115305874,0.0010739968
2020-10-30,-0.0109587903,-0.0133737665,-0.0147257754
2020-11-02,0.013531536,0.0120106467,0.0002011818
2020-11-03,0.0121483726,0.0184483293,0.0142535227
2020-11-04,0.0220971947,0.022349497200000002,0.0019514117000000001
2020-11-05,0.010906556100000001,0.0204085673,0.0130215304
2020-11-06,-0.0021549801,0.0001107202,-0.0024082061
2020-11-09,0.016368453,0.0096542183,0.0185860006
2020-11-10,0.0023009279000000002,-0.0017979419,-0.0040300344
2020-11-11,0.0140961179,0.0083019368,-0.0053440384
2020-11-12,-0.011134514,-0.009444866500000001,-0.0010419712000000001
2020-11-13,0.0065173532,0.013250836200000001,-0.008573314700000001
2020-11-16,0.0113635957,0.0116597145,0.0111292996
2020-11-17,-0.0042459047,-0.0028038726,-0.0021038872
2020-11-18,-0.0053657933,-0.0100272086,0.002222565
2020-11-19,0.0040056021,0.0052230187,0.0047174937
2020-11-20,-0.0031015596,-0.0057839686,0.0043548125
2020-11-23,0.0055118884000000005,0.0071158153,0.010895077900000001
2020-11-24,0.0106214657,0.015465987300000001,-0.0034006388
2020-11-25,-0.0011674751,-0.00045367400000000005,-0.011896655800000001
2020-11-27,0.0007682398,0.0034967408,0.0114753773
2020-11-30,-0.0078346666,-0.0046420809000000006,-0.0048174357
2020-12-01,0.0039365161,0.0105170131,0.0177710022
2020-12-02,-0.0020224558,0.0012146625,-0.0007683209
2020-12-03,-0.003616264,0.0009839570000000001,-0.0021019297
2020-12-04,0.008186099,0.0094960261,0.0007095284
2020-12-07,-0.0007620487,-0.0008926813,-0.0081344321
2020-12-08,0.0038457212,0.0033485812000000003,-0.0018708429
2020-12-09,-0.0021676055,-0.0092617819,-0.011212722000000001
2020-12-10,-0.0037409383,0.0007965947,0.0003848134
2020-12-11,-0.0005792145,-0.0015396146000000001,-0.0077295377000000005
2020-12-14,-0.0017973464000000001,-0.0031658182,0.0065669936
2020-12-15,0.0066392985,0.0128939216,-0.0005606667
2020-12-16,0.0017411838000000002,0.0015544962000000001,-7.0831e-05
2020-12-17,0.0031251797000000003,0.0073534742000000005,0.011243057800000001
2020-12-18,-0.0022179684,-0.0021275111,-0.0029279958
2020-12-21,-0.006218144100000001,-0.003301319,0.0075565052
2020-12-22,0.0029026452,-0.0004936296,-0.018659006000000002
2020-12-23,0.0019058774,0.0005034426,0.0076169106
2020-12-24,0.0032259446000000003,0.003089587,-0.0056836091000000005
2020-12-28,0.0034976837,0.006144929,0.0002219232
2020-12-29,0.0007516985,-0.0029234777,-0.0053888901
2020-12-30,-0.0031986397000000003,0.0021711595,0.0104860465
2020-12-31,0.0065363416,0.005364100100000001,0.017178078700000002
2021-01-04,-0.0098227989,-0.0146338769,0.008597842000000001
2021-01-05,0.004759238000000001,0.0077504697,0.0073534216
2021-01-06,0.0047838934,0.0061654602,0.0063048155
2021-01-07,0.014507420200000001,0.0160108631,0.0071438280000000005
2021-01-08,0.0076238626000000006,0.0053863345,-0.0017179426
2021-01-11,0.000237747,-0.0059348281,-0.0108250963
2021-01-12,0.0011352842000000001,0.0017664186,0.0217845218
2021-01-13,0.0018656108,0.0015689716000000002,-0.0026967818
2021-01-14,0.0017247601000000001,-0.0028457304,-0.009119417000000001
2021-01-15,-0.0051445127,-0.0073789045,0.0001310678
2021-01-19,0.0024673387,0.008207631600000001,-0.008308595700000001
2021-01-20,0.012068511,0.013552347800000001,0.0046920098
2021-01-21,-0.0020056767,-0.0002414262,0.0106635051
2021-01-22,-0.005342042,-0.0025451059,-0.0040044151
2021-01-25,0.0037891847,0.0029457968,0.0048695466
2021-01-26,-0.0039644423,-0.0030042631,-0.0151352827
2021-01-27,-0.0150091723,-0.026208510900000002,0.0010877252
2021-01-28,0.0031696712000000003,0.0109056315,-0.0190941206
2021-01-29,-0.019837788500000002,-0.0186656068,-0.006306326100000001
2021-02-01,0.0186935422,0.0164652016,0.006414823500000001
2021-02-02,0.0173770207,0.0147337583,0.0081183437
2021-02-03,0.0028586306000000002,0.0008157702,-0.0046406512
2021-02-04,0.0099545433,0.0114428251,-0.0043910918
2021-02-05,0.0018753081,0.0048806993,-0.0015745800000000001
2021-02-08,0.00650889,0.0080346546,0.010327254000000001
2021-02-09,-0.0028979686,-0.00021668380000000001,0.0201194208
2021-02-10,-0.002015324,0.0001105444,0.0143363278
2021-02-18,-0.0079583365,-0.0047985892,0.0055479726
2021-02-19,-0.0031128588000000003,-0.00016931270000000002,0.0056527704
2021-02-22,-0.007396743000000001,-0.0094306036,-0.014569372300000001
2021-02-23,-0.0015807959000000002,0.0005874123,-0.0016604464
2021-02-24,0.0071441513,0.0105875419,-0.01989619
2021-02-25,-0.022272931500000002,-0.0254577438,0.0058914065
2021-02-26,-0.0056896482,-0.0036263739000000003,-0.0212056275
2021-03-01,0.0280978746,0.0244161978,0.012062681300000001
2021-03-02,-0.0065548622,-0.0088518266,-0.0120693651
2021-03-03,-0.0100328628,-0.014590762600000001,0.0194768212
2021-03-04,-0.0100787601,-0.014866955900000001,-0.0205342802
2021-03-05,0.018058111,0.0188172464,-0.0004247961
2021-03-08,0.0025397317,-0.0060290615,-0.0230195674
2021-03-09,0.012450368100000001,0.0155247332,-0.0181812955
2021-03-10,0.0037874867000000003,0.0058752041,-0.00047050820000000003
2021-03-11,0.005696301500000001,0.0121562739,0.023569129100000002
2021-03-12,0.0026197753,0.0012308751,0.00473301
2021-03-15,0.0068252375,0.007436092300000001,-0.009606485000000001
2021-03-16,0.0028245706,-0.0025716621,0.0078417758
2021-03-17,0.0001311048,0.0028773918000000002,-0.00033769100000000004
2021-03-18,-0.009334382300000001,-0.0161916989,0.0050919687
2021-03-19,-0.0008985911,0.00028029700000000004,-0.016876312
2021-03-22,0.002788343,0.0066761564,0.011399228800000001
2021-03-23,-0.0028527757,-0.008790756700000001,-0.0092786528
2021-03-24,-0.0044065714,-0.0068922016,-0.013043035000000001
2021-03-25,0.0076291802,0.005550884000000001,-0.0010398586
2021-03-26,0.0128981914,0.0164433399,0.0162895819
2021-03-29,0.0013285734000000001,-0.0025213637000000002,0.0049623638
2021-03-30,0.0016621250000000002,-0.0019784717,0.0062319724
2021-03-31,0.00021005940000000002,0.0045171831,-0.0042752145
2021-04-01,0.0093851167,0.012608596000000001,0.0070986939
2021-04-06,0.0058033729,0.0001327419,-0.00041070120000000004
2021-04-07,-0.0035449703000000003,0.0006286006,-0.0009641749
2021-04-08,0.0055731207,0.0052023115,0.0008362419
2021-04-09,0.0054174582,0.0071545376,-0.009166292000000001
2021-04-12,-0.0023960999,0.0002753383,-0.0109321615
2021-04-13,0.002695813,0.0041061695,-0.0048360224
2021-04-14,-0.0049687583,-0.003969925,0.0059634214
2021-04-15,0.0092799088,0.0114286056,-0.0051993298
2021-04-16,0.0032043425,0.0031018925,0.0081316895
2021-04-19,-0.0062533321,-0.005886349000000001,0.0148652129
2021-04-20,-0.012225417700000001,-0.0073266587000000005,-0.0013251065000000001
2021-04-21,0.0070096983000000005,0.0096044423,-5.5217e-06
2021-04-22,-0.0016164129,-0.0081528225,-0.0022581275
2021-04-23,0.0051318408,0.011417822400000001,0.0026294632
2021-04-26,0.0008962811,0.0027380694000000002,-0.009507122100000001
2021-04-27,-0.0013125722,-0.0002923071,0.00042144810000000003
2021-04-28,-0.00095945,-0.0010910142,0.0041985437000000006
2021-04-29,0.0014938506000000001,0.0054503049,0.0051634597
2021-04-30,-0.001833692,-0.007395397000000001,-0.0080774416
2021-05-06,0.0019335735,0.0065929832,-0.0016164979
2021-05-07,0.002776965,0.0079996388,-0.0065179361
2021-05-10,-0.0070108083,-0.011022026400000001,0.0026622315
2021-05-11,-0.011471263,-0.0077704244,0.0040440022
2021-05-12,-0.0104736545,-0.0222118153,0.0060761517
2021-05-13,0.0050560588,0.011536242700000001,-0.0095854744
2021-05-14,0.011254774,0.0159103511,0.017754113000000002
2021-05-17,-0.0024358426,-0.0027791326,0.0078092815
2021-05-18,-0.0068429989,-0.0076011551000000005,0.0032410463
2021-05-19,-0.0059563853,-0.0029370242,-0.005114868900000001
2021-05-20,0.0108630297,0.0112026836,-0.001119568
2021-05-21,0.0027719822,-0.0007109376,-0.0058270221
2021-05-24,0.0055496071,0.009918140800000001,0.0030756264000000003
2021-05-25,-0.0019753975,-0.002190758,0.0240630637
2021-05-26,0.0034463105000000003,0.0026628570000000002,0.0033537916000000003
2021-05-27,0.0018330186,0.0015056450000000001,0.0043249047
2021-05-28,0.0049333864,0.0010754119,-0.0022417634
2021-06-01,0.0005006764000000001,-0.0002400144,0.0025542048000000003
2021-06-02,0.0046178115,0.0011568558,-0.0076273796
2021-06-03,0.0013278320000000001,-0.0042891196,-0.0036201926
2021-06-04,0.0060644685000000005,0.0089522135,0.0021453934
2021-06-07,-0.0005149294,0.00010756330000000001,0.0021514516
2021-06-08,0.0002634576,0.0008200449,-0.0054147628
2021-06-09,-0.0015642665,-0.002136586,0.0031524794000000003
2021-06-10,0.0046795915,0.0050665087,0.0054165604
2021-06-11,0.0067933558,0.0026063918000000003,-0.0058497564
2021-06-15,-0.0010583892000000001,-0.0026891509000000003,-0.0092460899
2021-06-16,-0.0020907521,-0.005091434000000001,-0.010756868000000001
2021-06-17,0.0107660198,-1.29682e-05,0.0020798262
2021-06-18,-0.0064547194,-0.0123542392,-0.0001407143
2021-06-21,0.0039247266,0.0137822108,0.0011637631
2021-06-22,0.0077604472,0.0054556962,0.0080098453
2021-06-23,-0.0051142765,-0.0008105439,0.0024753006
2021-06-24,0.006960593,0.0061958130000000005,0.0001096555
2021-06-25,0.0017781827000000001,0.0038048855,0.0114806017
2021-06-28,0.0023266466,0.0020302351,-0.0003279209
2021-06-29,0.0017332997,0.0003559306,-0.00921916
2021-06-30,0.0011561178,0.0004994812,0.0050436144
2021-07-01,0.0026678412000000003,0.0047028370000000005,-0.0006694650000000001
2021-07-02,0.0078784504,0.0068995746000000005,-0.0195338253
2021-07-06,0.0003188299,-0.0016985299000000001,-0.0011661142
2021-07-07,0.0047026483,0.0023025706,0.006651081200000001
2021-07-08,-0.0132372531,-0.0085467507,-0.0079442268
2021-07-09,0.009258614,0.0118673856,-0.0004059386
2021-07-12,0.0047923091,0.0027309508,0.0067359571
2021-07-13,0.0009072046,-0.0046892159,0.0052628464
2021-07-14,-6.26458e-05,-0.0003406633,-0.0106792771
2021-07-15,-0.0050585443,-0.0032469666,0.010242931
2021-07-16,-0.0052304917,-0.0070606665,-0.0071091391
2021-07-19,-0.015527093300000001,-0.014867148,-2.42621e-05
2021-07-20,0.0130883114,0.0164277862,-0.0006497008000000001
2021-07-21,0.0079872241,0.0085920066,0.0073051451
2021-07-22,0.0033074068,0.0017605198000000002,0.0033876975
2021-07-23,0.0106057418,0.0101364374,-0.006816628900000001
2021-07-26,-0.0014946753,0.0018361647,-0.023382368
2021-07-27,-0.0051493333,-0.0051753369,-0.0248970191
2021-07-28,0.0022333887,0.0009705716,-0.0057878370000000005
2021-07-29,-0.0005531283000000001,0.0041123316000000005,0.0149269707
2021-07-30,-0.004604871,-0.0055883033,-0.0042033183
2021-08-02,0.001235956,-0.0014764141000000001,0.0197093863
2021-08-03,0.0066809159,0.0074691947,-0.0047095227000000005
2021-08-04,-0.0007645088000000001,-0.0042147736,0.0084730006
2021-08-05,0.0060238735000000005,0.006511854300000001,-0.0030731745000000003
2021-08-06,0.0051145465,0.0008813222,-0.0024110711
2021-08-09,0.0010480966,-0.0005499761,0.0105311658
2021-08-10,0.0028190572000000003,0.0003744743,0.0101101661
2021-08-11,0.0017221075,0.0021534919,0.0007649581000000001
2021-08-12,0.0029647999,0.0032388277,-0.0022363477
2021-08-13,-0.0021312319000000002,0.0011933096,-0.0024064284
2021-08-16,-0.0009353190000000001,0.0012945558,0.0002984528
2021-08-17,-0.0009334914000000001,-0.00720945,-0.0200166014
2021-08-18,-0.006031158500000001,-0.010160064100000001,0.0111165211
2021-08-19,-0.0025255110000000002,0.0002546257,-0.0056587119
2021-08-20,0.005252681600000001,0.0086043135,-0.0110430218
2021-08-23,0.0056037459,0.0092044011,0.0145377123
2021-08-24,0.0015669204,0.0028134993000000002,0.0107566715
2021-08-25,0.0019946084000000003,0.0026414779,0.0073816395
2021-08-26,-0.0050246287,-0.0058721105000000004,-0.010944150100000001
2021-08-27,0.0045763519,0.0094265753,0.0058609874
2021-08-30,0.0033050602,0.0039945082,0.0016849336
2021-08-31,-0.0018972391,-0.0017382734000000002,0.0044810911
2021-09-01,-0.0007041862,0.0009981805,0.0065395642
2021-09-02,0.0025290098000000003,0.0032843476,0.008396119
2021-09-03,-3.03951e-05,-9.763790000000001e-05,-0.0042599621
2021-09-07,-0.001967001,-0.0040249328000000004,0.0151158186
2021-09-08,-0.0010441074,-0.0018845145,-0.0003866466
2021-09-09,-0.0037225635,-0.0040060072,0.0048833043
2021-09-10,-0.005254231000000001,-0.0077208809,0.0027075136
2021-09-13,0.0029786803,0.0019487605,0.0033082895
2021-09-14,-0.0036065867,-0.0056723843000000005,-0.0142089554
2021-09-15,0.0032258707000000003,0.008412047,-0.0017531977
2021-09-16,0.0033404451,-0.0007509316,-0.0134473913
2021-09-17,-0.0055168252000000004,-0.0083580236,0.0019204114
2021-09-22,0.006894614800000001,0.009676784400000001,0.0040103229
2021-09-23,0.0089084735,0.011982775000000001,0.0037734724
2021-09-24,0.0020170465,0.0008686535,-0.007995305500000001
2021-09-27,-0.0016577109,-0.0027707387000000003,-0.0083607713
2021-09-28,-0.0178305933,-0.0208226874,0.0053980494
2021-09-29,0.0039648513,0.0010549763,-0.0183163056
2021-09-30,-0.0046234486,-0.0109623423,0.0090093034
2021-10-08,-0.0022100474000000003,-0.0024015071000000002,0.006719997
2021-10-11,-0.0037770115,-0.0068260840000000005,-0.0001381252
2021-10-12,-0.0001687841,-0.0010780458,-0.012480805900000001
2021-10-13,0.0025723323,0.0041988368,0.0041940439000000005
2021-10-14,0.0134729902,0.0169340423,-0.0009778744
2021-10-15,0.0069586386,0.0068240046,0.0039634072000000005
2021-10-18,0.0016649307,0.0036994711000000002,-0.0011912648
2021-10-19,0.0035024587,0.0071478449,0.0070170559
2021-10-20,0.0034088048,0.0037279120000000003,-0.0016942136
2021-10-21,0.0014957572,0.0036234756000000003,0.0021652586
2021-10-22,-2.72282e-05,-0.0013831147,-0.0033815887000000003
2021-10-25,0.0056521876000000006,0.0047237645,0.0076144426
2021-10-26,0.004071198900000001,0.0010150909,-0.0033938799
2021-10-27,-0.0055147661,-0.0065888341000000005,-0.0098316655
2021-10-28,0.0017856218,0.010295227300000001,-0.0122971018
2021-10-29,0.0075436612,0.0019907016,0.0082250799
2021-11-01,0.0039962009,0.0029225582,-0.0008068707
2021-11-02,0.0021203273,0.0029685546,-0.0110019056
2021-11-03,0.0045293151,0.006637878900000001,-0.0020250412
2021-11-04,0.0075039874,0.003605337,0.0081057734
2021-11-05,0.0012862959,0.0032243324,-0.0099804125
2021-11-08,-0.0011663764000000001,0.0014048575,0.0020167297
2021-11-09,-0.0025510464,-0.0029558573,0.0023999924000000002
2021-11-10,-0.0023563249000000002,-0.0092440948,-0.0041517934
2021-11-11,0.0044011376000000005,0.0009033781000000001,0.0115456276
2021-11-12,0.009212998600000001,0.0075938765,0.0017636636000000002
2021-11-15,0.0030980302,-8.710820000000001e-05,-0.0016365646
2021-11-16,0.0079230477,0.0042677068,-0.0032568364
2021-11-17,0.00029463760000000003,-0.0033313718,0.0044271076
2021-11-18,-0.0020977122,0.0023169179000000002,-0.0047150725000000004
2021-11-19,0.0009657355000000001,-0.0022402304,0.0113068798
2021-11-22,0.0002613932,-0.0046052882,0.0061074903
2021-11-23,-0.0033822008,0.0006365496,0.0019524597000000002
2021-11-24,0.0061514548,0.0029803161000000002,0.0010074914
2021-11-26,-0.030523109000000003,-0.022127270100000002,-0.0056117293
2021-11-29,0.0110520641,0.0120099225,-0.0003641187
2021-11-30,-0.0156486089,-0.0197144759,0.0003374434
2021-12-01,-0.010712385500000001,-0.0138920299,0.0036570537
2021-12-02,0.0083765842,0.0154064721,-0.0008295278
2021-12-03,-0.0044320156,-0.0099670387,0.0093945702
2021-12-06,0.010270085600000001,0.011691057900000001,-0.0049881247
2021-12-07,0.0235736328,0.0213615791,0.001602775
2021-12-08,-0.0036705820000000004,0.0040984392,0.0118308289
2021-12-09,-0.0029893587,-0.0085847534,0.009762085200000001
2021-12-10,0.0028723682,0.007944693400000001,-0.0018078251000000001
2021-12-13,-0.005496262500000001,-0.0091755017,0.004020328
2021-12-14,-0.0072406477,-0.007704475200000001,-0.0053182391
2021-12-15,0.0130909119,0.0161265731,-0.0038510123
2021-12-16,-0.0064975153,-0.0096893519,0.007527830300000001
2021-12-17,-0.0054834958,-0.0080429969,-0.0116279758
2021-12-20,-0.0140506699,-0.0119730658,-0.010695855300000001
2021-12-21,0.0190797123,0.0194246125,0.0087590507
2021-12-22,0.0044148638,0.0098888682,-0.0007527018
2021-12-23,0.0084297687,0.0063489745,0.0057500025
2021-12-27,0.010093603900000001,0.0130736867,-0.0006092061
2021-12-28,0.0026664264,-0.0016128537,0.0039002403000000002
2021-12-29,-0.0030548420000000003,0.0012661016000000001,-0.0091317957
2021-12-30,-0.0001031066,-0.0021345748,0.0061678448
2021-12-31,-0.0051117202,-0.002812492,0.0056686352
2022-01-04,0.0005201946000000001,-0.0015475360000000002,-0.0020449623
2022-01-05,-0.0154525028,-0.0209975364,-0.010240352000000001
2022-01-06,-0.0026676473,-0.0003553233,-0.0025295419
2022-01-07,-0.0067385129,-0.0043312544,-0.0017695364
2022-01-10,-0.0013765886,-0.0012969156,0.0039159339
2022-01-11,0.0064486168,0.0098676743,-0.0072756190000000005
2022-01-12,-0.0002878281,0.0021176384,0.008414900900000001
2022-01-13,-0.013161164900000001,-0.014765667100000001,-0.011763671100000001
2022-01-14,-0.0010648769,0.0004210045,-0.009603461300000001
2022-01-18,-0.010993259200000001,-0.0189362686,0.0079915182
2022-01-19,-0.008412931,-0.009736518000000001,-0.003287812
2022-01-20,-0.0047488358,-0.0111697778,-0.0008742712
2022-01-21,-0.0184280598,-0.0195008081,-0.0091476447
2022-01-24,-0.0038049182,0.0041363147,0.00043887550000000004
2022-01-25,-0.0068843445,-0.013399914,-0.025845522000000003
2022-01-26,0.0006188788000000001,-0.0023617641,0.0066070907
2022-01-27,0.0030685686,-0.0060616468,-0.017791363600000002
2022-01-28,0.0149249381,0.024831475800000002,-0.009702023300000001
2022-02-07,-0.00046813540000000003,-0.0031813158,0.0203067441
2022-02-08,0.0076074827,0.008881274100000001,0.0067417451
2022-02-09,0.015075362600000001,0.015731224000000002,0.0079099783
2022-02-10,-0.014544227100000001,-0.0175596057,0.001713803
2022-02-11,-0.0099979482,-0.019052036,-0.0065861961
2022-02-14,-0.0012981879,-0.00392623,-0.0098235348
2022-02-15,0.0099013677,0.0169960205,0.0050426059
2022-02-16,0.0014215215,0.000402451,0.0057455031
2022-02-17,-0.0163791263,-0.0220873563,0.0006524295
2022-02-18,-0.0061222001,-0.0077185741,0.0065646393
2022-02-22,-0.008704337000000001,-0.010409230700000001,-0.009610918000000001
2022-02-23,-0.0124300646,-0.0189746332,0.0092514904
2022-02-24,0.016499271,0.0168390821,-0.0169823776
2022-02-25,0.0139122846,0.0227391948,0.0062732079
2022-02-28,0.0007172239,-0.0013944332000000001,0.0031765164
2022-03-01,-0.007559614300000001,-0.015449233500000001,0.0076860604
2022-03-02,0.0174507148,0.018620820700000002,-0.0013236794
2022-03-03,-0.0069943299,-0.0069562308,-0.0008707975
2022-03-04,-0.0034068358000000003,-0.0093775788,-0.0096175992
2022-03-07,-0.022662541600000002,-0.0309132756,-0.0217383158
2022-03-08,-0.0081979775,-0.0062962897,-0.0235027971
2022-03-09,0.014481853900000001,0.0267714974,-0.0112781986
2022-03-10,-0.0003898627,-0.0043072973,0.012215548500000001
2022-03-11,-0.0061097499,-0.0137486586,0.0041857596
2022-03-14,-0.0052201015,-0.0085944972,-0.026044772600000002
2022-03-15,0.0138211136,0.0211428131,-0.0495045402
2022-03-16,0.023253921400000002,0.024081918100000002,0.034853771900000004
2022-03-17,0.0054278309000000005,0.013173344200000001,0.0139617851
2022-03-18,0.015269117200000001,0.0125214308,0.0112234142
2022-03-21,-0.0006401869,-0.0010814578000000001,0.0007600431
2022-03-22,0.012313860400000001,0.0119122455,0.0019001748
2022-03-23,-0.006756217100000001,-0.012506334000000001,0.0034332854
2022-03-24,0.008466167,0.0141444989,-0.0063616525
2022-03-25,0.0045140529,0.0041691440000000005,-0.011706853500000001
2022-03-28,0.0055106916,0.0073121041,0.0007099279
2022-03-29,0.0043293802,0.013753514000000001,-0.0033036119
2022-03-30,-0.0091922497,-0.0071282614000000005,0.0195953471
2022-03-31,-0.010377359000000001,-0.0154993088,-0.0044190856
2022-04-01,0.009160261000000001,0.0039941215,0.0093967037
2022-04-06,-0.0106789391,-0.0105769107,0.00020060220000000002
2022-04-07,0.0011942738,0.0037361846000000002,-0.0142299339
2022-04-08,0.0032938815,-0.002972704,0.0046780999000000005
2022-04-11,-0.014997662600000001,-0.0158090128,-0.026080957000000002
2022-04-12,-0.0020181117,-0.0033283141000000002,0.014605312700000001
2022-04-13,0.0109019465,0.012476963300000001,-0.0082665045
2022-04-14,-0.0009695330000000001,-0.012283392300000001,0.0122006719
2022-04-19,0.0063196157000000005,0.0172310614,-0.0004717046
2022-04-20,-0.0034425235,-0.0011786091,-0.0134546157
2022-04-21,-0.0090740048,-0.015993004300000002,-0.0226161307
2022-04-22,-0.0194569567,-0.027393851400000002,0.0023080592
2022-04-25,0.0037909653,0.0063709505,-0.051340412
2022-04-26,-0.0170403539,-0.0286442202,-0.0143817058
2022-04-27,0.0116024309,0.0016911449,0.02489562
2022-04-28,0.018783680400000002,0.0245278835,0.0058251351
2022-04-29,-0.0247368261,-0.0359948381,0.0240283799
2022-05-05,-0.0253231747,-0.0365852356,0.0068173347
2022-05-06,-0.0127557964,-0.0071782700000000005,-0.0216074765
2022-05-09,-0.0279300535,-0.0339460449,0.0008837976000000001
2022-05-10,0.0006621464,0.0022484755,0.010579943500000001
2022-05-11,-0.0089085287,-0.0173838641,0.007514771900000001
2022-05-12,0.0081258991,0.0004610306,-0.0011822325
2022-05-13,0.025068014700000002,0.0258876156,0.009600729300000001
2022-05-16,-0.0032841669,-0.0051020378000000005,-0.0034307271
2022-05-17,0.0067281947000000005,0.0206614463,0.0064597748
2022-05-18,-0.026325895300000002,-0.0401114159,-0.0026215957000000002
2022-05-19,-0.011767248800000001,-0.0043139985,0.0035870801000000003
2022-05-20,0.0049324566,0.000132819,0.016001140100000002
2022-05-23,0.007086207200000001,0.0178269318,0.00011218170000000001
2022-05-24,-0.0130188616,-0.0097525345,-0.0241319101
2022-05-25,0.0116464892,0.010863378600000001,0.0118950809
2022-05-26,0.0122833355,0.020487713100000002,0.0050424088
2022-05-27,0.0217648722,0.0252456318,0.0022732689
2022-05-31,-0.0025455159000000002,-0.0070660163,0.0118459623
2022-06-01,-0.0031696174,-0.0075308227,-0.0013417432000000001
2022-06-02,0.0104715251,0.0198694445,0.0041506271
2022-06-06,0.0039225637,0.0031855908,0.012737777
2022-06-07,0.0066148016,0.0101417734,0.0016485351
2022-06-08,-0.0097628999,-0.0107655756,0.0068186741
2022-06-09,-0.014372504900000001,-0.023928440500000002,-0.007623505000000001
2022-06-10,-0.0184326605,-0.0296064969,0.014191353
2022-06-13,-0.0261690278,-0.040315371,-0.0089284933
2022-06-14,-0.006627084,-0.0033039792,0.010278358900000001
2022-06-15,0.0117402405,0.0150625346,0.005078174600000001
2022-06-16,-0.0324770712,-0.0339829241,-0.0059966448
2022-06-17,0.0012896729,0.0037054673,0.0095792727
2022-06-21,0.016276597400000002,0.0236118615,-0.0026046900000000002
2022-06-22,-0.0054453867,-0.0010925935,-0.0119549905
2022-06-23,0.0109220985,0.0105945365,0.0162000661
2022-06-24,0.0254277927,0.0313717257,0.0089264927
2022-06-27,-0.0028483319000000003,-0.0030923967,0.0088104846
2022-06-28,-0.0063857588,-0.0203447432,0.008900133000000001
2022-06-29,-0.0006452484,-0.0014807406000000001,-0.0140105061
2022-06-30,-0.0083475367,-0.009397862600000001,0.0110445986
2022-07-01,0.0111861724,0.0113760652,-0.0032454119
2022-07-05,0.0116385388,0.0030810065,-0.00039791990000000003
2022-07-06,0.0075411443,0.0022727917,-0.0142923337
2022-07-07,0.0180627538,0.0161664322,0.0027156527
2022-07-08,0.0004570894,-0.001140917,-0.0025040554
2022-07-11,-0.0029826524000000003,-0.0122572727,-0.012699885800000001
2022-07-12,-0.0037136065,-0.0091358028,-0.009684078700000001
2022-07-13,-0.009221718,-0.0043189066,0.0008199309000000001
2022-07-14,0.0017421572,-0.004153044,-0.0008279754
2022-07-15,0.0104325906,0.0195088162,-0.016388323
2022-07-18,-0.0109242594,-0.0074876791,0.015532063300000001
2022-07-19,0.0176480944,0.027939611000000003,0.0004250092
2022-07-20,0.009591432700000001,0.0074870921,0.0076702224
2022-07-21,0.0094520753,0.009808141900000001,-0.0099335263
2022-07-22,-0.0074508617,-0.0101995086,-0.0005949298000000001
2022-07-25,0.0011939374,0.0011670328,-0.0059709915
2022-07-26,-0.0016177139,-0.01233115,0.0083379429
2022-07-27,0.0193332944,0.0263307953,-0.0005357631
2022-07-28,0.010041164600000001,0.0125411412,0.0020508638000000003
2022-07-29,0.0093372513,0.0140576226,-0.0089483507
2022-08-01,-0.005613946000000001,-0.0023773498000000002,0.0019918098
2022-08-02,-0.0009355082,-0.0058014744,-0.0226187514
2022-08-03,0.0160403913,0.0161889637,-0.0071109993
2022-08-04,-0.0050402477,-0.0006709093,0.008036775000000001
2022-08-05,0.0008801212,-0.0005456039000000001,0.0119262047
2022-08-08,-0.0024173755,-0.0002739654,0.0029870994
2022-08-09,-0.006011836400000001,-0.0054334725000000006,0.0032700642
2022-08-10,0.0085790856,0.0228027222,-0.0053755992
2022-08-11,0.0010709119,-0.0007076982,0.0160336457
2022-08-12,0.0210408475,0.0173873773,-0.0014657399
2022-08-15,0.0077754979,0.0037680515000000003,-0.00020685280000000002
2022-08-16,0.0020377128,0.0018812793000000001,0.0005593638000000001
2022-08-17,-0.0055826116000000005,-0.0082353037,0.0045012912
2022-08-18,0.0046071897,0.0023823047000000003,-0.0045768006
2022-08-19,-0.0050363657,-0.0139088227,-0.0059139722
2022-08-22,-0.0106199515,-0.021329929100000002,0.0060575934
2022-08-23,-0.0040533812,-0.0019353227,-0.0004629637
2022-08-24,0.001451536,0.0035758835,-0.0185988133
2022-08-25,0.012734457900000001,0.0146476525,0.0096611332
2022-08-26,-0.0289161585,-0.0335501574,-0.0030954929
2022-08-29,-0.0065653504,-0.0068569525,0.0014183812
2022-08-30,-0.0088939647,-0.0109514736,-0.0041607185000000005
2022-08-31,-0.0129470852,-0.0074618907,-0.0077679208000000005
2022-09-01,0.004823117,0.0015674828,-0.0053581772000000005
2022-09-02,-0.010407362600000001,-0.0101174399,0.0004643428
2022-09-06,-0.0027732491000000002,-0.004243173,0.0135958762
2022-09-07,0.006058849000000001,0.0188866775,0.0008826592
2022-09-08,0.0082499875,0.007514967000000001,-0.0032806262
2022-09-09,0.0093006272,0.0162939245,0.00817537
2022-09-13,-0.024665996000000003,-0.0429014314,0.000550875
2022-09-14,0.0009762903,0.003711938,-0.0080382415
2022-09-15,-0.0092130982,-0.0108332603,-0.0116306142
2022-09-16,-0.0123266852,-0.0086746587,-0.023016123700000002
2022-09-19,0.0057644465,0.0069761769000000005,-0.0034247421
2022-09-20,-0.0081519574,-0.0119188197,0.0021654502000000003
2022-09-21,-0.0027136989,-0.0169380888,-0.0016717400000000001
2022-09-22,-0.0044919231000000006,-0.0101646827,-0.0026449941
2022-09-23,-0.009538422900000001,-0.0175464835,-0.0065533918
2022-09-26,-0.0069391483000000006,-0.0110225887,-0.011926420600000001
2022-09-27,0.0009975214,-0.0013499027,0.0139434695
2022-09-28,0.0128396559,0.020737993200000002,-0.0157687096
2022-09-29,-0.027588453000000002,-0.0211078529,-0.0012877815
2022-09-30,-0.012110673,-0.0140788647,-0.0055439293
2022-10-10,-0.0008761817,-0.0081170741,-0.016642478000000002
2022-10-11,-0.008780335200000001,-0.0066507138,0.0018929046000000001
2022-10-12,-0.0029493179000000002,-0.0030165757000000003,0.0152974462
2022-10-13,0.0163707011,0.024853448900000002,-0.0030216178
2022-10-14,-0.0171475173,-0.0240235221,0.0184597303
2022-10-17,0.0159672013,0.027221658500000002,0.0042090025000000005
2022-10-18,0.0072267346000000005,0.011917001200000001,-0.0012992291
2022-10-19,-0.0013931499,-0.0081119861,-0.0118841993
2022-10-20,-0.009300311700000001,-0.007687851000000001,-0.003068737
2022-10-21,0.0175627103,0.0230963897,0.00127028
2022-10-24,0.0035289466,0.0109855086,-0.020229107700000002
2022-10-25,0.0102700451,0.0177006717,-0.00028848430000000003
2022-10-26,-0.0082038787,-0.007087794200000001,0.0078225507
2022-10-27,0.0007141293,-0.0054389123,-0.0055159688
2022-10-28,0.0183986953,0.0237834781,-0.0224754172
2022-10-31,0.0019601661,-0.0070939512,-0.007681947000000001
2022-11-01,0.0013113355,-0.0034495229000000003,0.026192703600000002
2022-11-02,-0.017286205500000002,-0.0258184093,0.0115072864
2022-11-03,-0.000880041,-0.0101398315,-0.0018553193000000001
2022-11-04,0.0017091211000000001,0.012561280900000001,0.0243545348
2022-11-07,0.00028936340000000003,0.0092973045,0.0022806391
2022-11-08,0.0020523204,0.0055717345,-0.0043121042
2022-11-09,-0.013464987900000001,-0.0211521662,-0.005336517000000001
2022-11-10,0.0339186423,0.057200856800000005,-0.0039470628
2022-11-11,0.0002768949,0.0101792034,0.016869224500000002
2022-11-14,-0.0077855407,-0.009473036,-0.0012454416000000001
2022-11-15,0.0055865216,0.0098102777,0.0164306551
2022-11-16,-0.0113548261,-0.0093934041,-0.004487331000000001
2022-11-17,0.0016656828,-0.003808727,-0.0014494837000000001
2022-11-18,0.0034116191000000003,0.0045818826,-0.005836914
2022-11-21,0.0049104742,-0.0042253907000000005,-0.0039496908
2022-11-22,0.0087274495,0.0136340757,0.0012717148
2022-11-23,-0.0003257751,0.006167813,0.0025851704
2022-11-25,-0.0005740153,1.62534e-05,0.004014824
2022-11-28,-0.0118486313,-0.0156964853,-0.007474623200000001
2022-11-29,0.0020928123,-0.0012583294,0.0231413518
2022-11-30,0.0265186344,0.0313495272,0.0005239946
2022-12-01,-0.0099320226,-0.0001976748,0.004480609
2022-12-02,-0.0017032716000000001,-0.0011159418000000001,-0.0029657012
2022-12-05,-0.0179829334,-0.0191211017,0.0176628895
2022-12-06,-0.0098286267,-0.014594569200000001,0.000231725
2022-12-07,-0.0028900844,-0.0019095529,-0.0040210912
2022-12-08,0.0022117456,0.0079970587,-0.0006947488000000001
2022-12-09,-0.0017328576,-0.0074630878000000005,0.0030017306
2022-12-12,0.009011754700000001,0.0145515594,-0.0087075259
2022-12-13,0.0009861335,0.007521432000000001,-0.0008492313
2022-12-14,-0.0040346899,-0.0055885281,6.0041600000000005e-05
2022-12-15,-0.0252334923,-0.0251364962,-0.0024778048
2022-12-16,-0.0083309977,-0.011069769600000001,-0.0002529424
2022-12-19,-0.0040500448,-0.0097119576,-0.019187012700000002
2022-12-20,-0.002784556,0.0015110866,-0.0107622603
2022-12-21,0.015326031,0.015117075700000001,-0.0017320305
2022-12-22,-0.0102672647,-0.0144986655,-0.0045457741
2022-12-23,0.0022657139000000002,0.0057106795,-0.00277063
2022-12-27,-0.0045807863,-0.0040809356,0.0097812513
2022-12-28,-0.0066730564,-0.0121763614,-0.0026288944000000002
2022-12-29,0.0093940304,0.018198166300000002,-0.0044218183
2022-12-30,-0.0039538056000000005,-0.0024293026,0.0050653189
